,0
有个学生的最好的朋友把坡卖了
有个学生的最好的朋友被坡卖了
王鑫把自行车扔了
王鑫被自行车扔了
王子豪把窗口找了
王子豪被窗口找了
温斯顿·丘吉尔把朱天一的书检查了
温斯顿·丘吉尔被朱天一的书检查了
王芳把卡车打破了
王芳被卡车打破了
王皓把独轮车扔了
王皓被独轮车扔了
这些青少年把张杰的纪录片描述了
这些青少年被张杰的纪录片描述了
报告把大学转移了
报告被大学转移了
杨玲把推车打破了
杨玲被推车打破了
罗西把小册子忘记了
罗西被小册子忘记了
那个女孩把小山描述了
那个女孩被小山描述了
刘霞把书拿了
刘霞被书拿了
那些儿童把购物中心描述了
那些儿童被购物中心描述了
草图把博物馆转移了
草图被博物馆转移了
那个参议员的前妻把博物馆摆脱了
那个参议员的前妻被博物馆摆脱了
张兴把围巾穿了
张兴被围巾穿了
张雨馨把电脑扔了
张雨馨被电脑扔了
王子豪的皮肤科医生把飞机找了
王子豪的皮肤科医生被飞机找了
这些儿童的肿瘤医师把照片卖了
这些儿童的肿瘤医师被照片卖了
那些人把短裙穿了
那些人被短裙穿了
谢天天把评论研究了
谢天天被评论研究了
大学把图书卖了
大学被图书卖了
吴宇涛把图书馆调查了
吴宇涛被图书馆调查了
王秀英把版画找了
王秀英被版画找了
陈哲把周慧敏的评论研究了
陈哲被周慧敏的评论研究了
吕小莲把高中摆脱了
吕小莲被高中摆脱了
高晗的女儿把椅子扔了
高晗的女儿被椅子扔了
石文静把仙人掌卖了
石文静被仙人掌卖了
那些参议员把帽子穿了
那些参议员被帽子穿了
敞篷车把西班牙转移了
敞篷车被西班牙转移了
李语嫣把脚拿了
李语嫣被脚拿了
毛妍纯把丘陵描述了
毛妍纯被丘陵描述了
刘聪聪把戏剧研究了
刘聪聪被戏剧研究了
有些客人的美发师把论文记住了
有些客人的美发师被论文记住了
王梦把戏剧描述了
王梦被戏剧描述了
那个年轻人的法语老师把林棋的短文检查了
那个年轻人的法语老师被林棋的短文检查了
关彤彤把手套打扫了
关彤彤被手套打扫了
王萍把嘴举了
王萍被嘴举了
樊颖的勤杂工把公司转移了
樊颖的勤杂工被公司转移了
印象派的合作人把王皓的展出研究了
印象派的合作人被王皓的展出研究了
那个女孩的参议员把杨颖的展出研究了
那个女孩的参议员被杨颖的展出研究了
那个客人的主管把围巾找了
那个客人的主管被围巾找了
高屹森把小册子记住了
高屹森被小册子记住了
有个女演员的员工把袜子穿了
有个女演员的员工被袜子穿了
李莫言把画作清洗了
李莫言被画作清洗了
王超把眼睛找了
王超被眼睛找了
赵文达把购物中心打扫了
赵文达被购物中心打扫了
克林顿夫妇的姐妹把大衣洗了
克林顿夫妇的姐妹被大衣洗了
有些青少年把山摆脱了
有些青少年被山摆脱了
王可馨把概要检查了
王可馨被概要检查了
这个学生把椅子扔了
这个学生被椅子扔了
齐燕把梯子找了
齐燕被梯子找了
韩娟把故事检查了
韩娟被故事检查了
那个男子的父亲们把书带了
那个男子的父亲们被书带了
王刚把王可馨的小册子检查了
王刚被王可馨的小册子检查了
谭言的学生们把杨芳的报告研究了
谭言的学生们被杨芳的报告研究了
王淑珍母亲把组织机构转移了
王淑珍母亲被组织机构转移了
张静把李思彤的报告卖了
张静被李思彤的报告卖了
张敏秀把王靖瑶的故事忘记了
张敏秀被王靖瑶的故事忘记了
赵梦婷把医院调查了
赵梦婷被医院调查了
张晓峰把卡车扔了
张晓峰被卡车扔了
陈红把高中讨论了
陈红被高中讨论了
王伟把饭店摆脱了
王伟被饭店摆脱了
邹雪辰的祖父把窗口卖了
邹雪辰的祖父被窗口卖了
毛妍纯的老师把湖摆脱了
毛妍纯的老师被湖摆脱了
孟杰的孙子把公司调查了
孟杰的孙子被公司调查了
有些顾客把图书馆搞乱了
有些顾客被图书馆搞乱了
杨玲的侄女把图书馆带了
杨玲的侄女被图书馆带了
这些客人把大衣穿了
这些客人被大衣穿了
那个孩子们把版画清洗了
那个孩子们被版画清洗了
金砚秋把画画带了
金砚秋被画画带了
这些司机的法语老师把纪录片检查了
这些司机的法语老师被纪录片检查了
陈桂兰把独轮车卖了
陈桂兰被独轮车卖了
毛衣把委员会转移了
毛衣被委员会转移了
那个患者的伙伴把碟子卖了
那个患者的伙伴被碟子卖了
那个女演员把图书记住了
那个女演员被图书记住了
赵菁菁把文章忘记了
赵菁菁被文章忘记了
博基亚家族把杂货商店摆脱了
博基亚家族被杂货商店摆脱了
高志民把学校拿了
高志民被学校拿了
这个男子把鞋子穿了
这个男子被鞋子穿了
刘丽把张厚望的评论描述了
刘丽被张厚望的评论描述了
那些女孩的姐妹把图书馆打扫了
那些女孩的姐妹被图书馆打扫了
这个老师把盘子搞乱了
这个老师被盘子搞乱了
那些客人的朋友们把艺术画廊讨论了
那些客人的朋友们被艺术画廊讨论了
有个学生的皮肤科医生把江洋的电影检查了
有个学生的皮肤科医生被江洋的电影检查了
马萌的侄女把银行打扫了
马萌的侄女被银行打扫了
高宁把评论研究了
高宁被评论研究了
李莫言把报告研究了
李莫言被报告研究了
有个参议员把咖啡馆摆脱了
有个参议员被咖啡馆摆脱了
刘景睿把立法机关调查了
刘景睿被立法机关调查了
这个女演员把卡车打破了
这个女演员被卡车打破了
克林顿夫妇把故事检查了
克林顿夫妇被故事检查了
这些男演员的祖父把政府调查了
这些男演员的祖父被政府调查了
王玉梅把周通的小册子检查了
王玉梅被周通的小册子检查了
那个儿童的合作人把花瓶打破了
那个儿童的合作人被花瓶打破了
这些家伙的朋友把委员会调查了
这些家伙的朋友被委员会调查了
李小红的前女友把李思彤的短文忘记了
李小红的前女友被李思彤的短文忘记了
吴美琳的父亲把盘子搞乱了
吴美琳的父亲被盘子搞乱了
郭美美绘画把委员会转移了
郭美美绘画被委员会转移了
那些男子的学生把纪录片检查了
那些男子的学生被纪录片检查了
关彤彤表亲把立法机关调查了
关彤彤表亲被立法机关调查了
刘颖把张秀兰的电影讨论了
刘颖被张秀兰的电影讨论了
大家把购物中心打扫了
大家被购物中心打扫了
柴静的来宾把杯子打扫了
柴静的来宾被杯子打扫了
贾雨静把大学校园卖了
贾雨静被大学校园卖了
杜嘉怡把花瓶打破了
杜嘉怡被花瓶打破了
那个男人把草图举了
那个男人被草图举了
吴宇涛的客人把小册子描述了
吴宇涛的客人被小册子描述了
有个儿童的皮肤科医生把博物馆调查了
有个儿童的皮肤科医生被博物馆调查了
吴美琳的参议员把眼镜清洗了
吴美琳的参议员被眼镜清洗了
杨敏娟把独轮车打破了
杨敏娟被独轮车打破了
周一博把咖啡馆打扫了
周一博被咖啡馆打扫了
陈丽把苏金燕的评论记住了
陈丽被苏金燕的评论记住了
李桐把长椅打破了
李桐被长椅打破了
黄子婷把医院调查了
黄子婷被医院调查了
刘志强的儿子把电影扫描了
刘志强的儿子被电影扫描了
张敏秀把周一博的故事描述了
张敏秀被周一博的故事描述了
戏剧把立法机关转移了
戏剧被立法机关转移了
那些家伙把视窗打破了
那些家伙被视窗打破了
陈子涵把电影院打扫了
陈子涵被电影院打扫了
李莫言的女儿把屏幕清洗了
李莫言的女儿被屏幕清洗了
张雨馨的外甥把盘子打扫了
张雨馨的外甥被盘子打扫了
这个人把小山讨论了
这个人被小山讨论了
那些女演员把盘子打扫了
那些女演员被盘子打扫了
米雪儿的老板把意大利面带了
米雪儿的老板被意大利面带了
米雪儿把马车扔了
米雪儿被马车扔了
刘桂兰把短裙穿了
刘桂兰被短裙穿了
刘超把黄子婷的报告扫描了
刘超被黄子婷的报告扫描了
那些年轻人的皮肤科医生把仙人掌清洗了
那些年轻人的皮肤科医生被仙人掌清洗了
詹静芳把短裙搞乱了
詹静芳被短裙搞乱了
舒婷把牙齿打扫了
舒婷被牙齿打扫了
许凯把电影忘记了
许凯被电影忘记了
刘聪聪把短裙清洗了
刘聪聪被短裙清洗了
叶凯琳把张超的小册子卖了
叶凯琳被张超的小册子卖了
有些司机的男朋友把论文讨论了
有些司机的男朋友被论文讨论了
赵菁菁的主管把脚清洗了
赵菁菁的主管被脚清洗了
张晓峰把医院调查了
张晓峰被医院调查了
有个舞蹈家的杂工把报纸文章拿了
有个舞蹈家的杂工被报纸文章拿了
马冬梅把学校转移了
马冬梅被学校转移了
莫奈把电影院搞乱了
莫奈被电影院搞乱了
吴美琳把连衣裙穿了
吴美琳被连衣裙穿了
王筱雅把大衣洗了
王筱雅被大衣洗了
朱天一把饭店打扫了
朱天一被饭店打扫了
这些女演员的导师把什么穿了
这些女演员的导师被什么穿了
孙文把李春梅的短文检查了
孙文被李春梅的短文检查了
赵菁菁把图书馆打扫了
赵菁菁被图书馆打扫了
孔薇把马车清洗了
孔薇被马车清洗了
王婷婷的孙子把王芳的传单研究了
王婷婷的孙子被王芳的传单研究了
有个青少年把董怡的评论忘记了
有个青少年被董怡的评论忘记了
施月把许逸航的展出研究了
施月被许逸航的展出研究了
王刚把连衣裙卖了
王刚被连衣裙卖了
这个出纳员把仇一诺的短文描述了
这个出纳员被仇一诺的短文描述了
那个校友的侄女把故事讨论了
那个校友的侄女被故事讨论了
马良的儿子把辣椒清洗了
马良的儿子被辣椒清洗了
李哲把故事扫描了
李哲被故事扫描了
张红梅把杂货商店讨论了
张红梅被杂货商店讨论了
黄敏把绘画找了
黄敏被绘画找了
王淑萍把袜子清洗了
王淑萍被袜子清洗了
王超把杨桂英的展出描述了
王超被杨桂英的展出描述了
杜嘉怡的朋友把医院调查了
杜嘉怡的朋友被医院调查了
李语嫣把夹克穿了
李语嫣被夹克穿了
那些客人的杂工把米雪儿的传单检查了
那些客人的杂工被米雪儿的传单检查了
狗把组织机构转移了
狗被组织机构转移了
蔡文璐把光找了
蔡文璐被光找了
邹雪辰把卡车打破了
邹雪辰被卡车打破了
王润东的前夫把草图拿了
王润东的前夫被草图拿了
张沛然把报告记住了
张沛然被报告记住了
伽利略的钢琴老师把绿洲卖了
伽利略的钢琴老师被绿洲卖了
那个儿童把敞篷车清洗了
那个儿童被敞篷车清洗了
有个顾客的孙女把政府转移了
有个顾客的孙女被政府转移了
王秀英的父亲把杨铭的小册子扫描了
王秀英的父亲被杨铭的小册子扫描了
徐黄的兄弟把艺术画廊摆脱了
徐黄的兄弟被艺术画廊摆脱了
李思彤的参议员把论文研究了
李思彤的参议员被论文研究了
赵梦婷的前妻把独轮车打破了
赵梦婷的前妻被独轮车打破了
崔思雨把政府调查了
崔思雨被政府调查了
薛雯把电脑打破了
薛雯被电脑打破了
这些医生把连衣裙洗了
这些医生被连衣裙洗了
赵诗涵的钢琴老师把盘子找了
赵诗涵的钢琴老师被盘子找了
金鹏把什么打破了
金鹏被什么打破了
钱雨婷把连衣裙洗了
钱雨婷被连衣裙洗了
有些男演员把戏剧忘记了
有些男演员被戏剧忘记了
马娟把戏剧忘记了
马娟被戏剧忘记了
周敏娜把舒婷的短文检查了
周敏娜被舒婷的短文检查了
那个家伙把电脑扔了
那个家伙被电脑扔了
朱德玲的前夫把博物馆讨论了
朱德玲的前夫被博物馆讨论了
米雪儿把组织机构调查了
米雪儿被组织机构调查了
张沛然母亲把报纸文章研究了
张沛然母亲被报纸文章研究了
崔兆亮的表姐把小山摆脱了
崔兆亮的表姐被小山摆脱了
这些客人的最好的朋友把大衣举了
这些客人的最好的朋友被大衣举了
李小红把砂锅菜找了
李小红被砂锅菜找了
李倩倩的杂工把电影院摆脱了
李倩倩的杂工被电影院摆脱了
有个人的法语老师把鞋子找了
有个人的法语老师被鞋子找了
王敏把小山拿了
王敏被小山拿了
谁把报纸文章忘记了
谁被报纸文章忘记了
那个男服务员的牙医把大衣穿了
那个男服务员的牙医被大衣穿了
图书馆把冰川讨论了
图书馆被冰川讨论了
金鹏把蛇卖了
金鹏被蛇卖了
魏新宇把报告记住了
魏新宇被报告记住了
马萌把西班牙转移了
马萌被西班牙转移了
高宁把何汉的小册子扫描了
高宁被何汉的小册子扫描了
核把委员会转移了
核被委员会转移了
这个女演员把兔子带了
这个女演员被兔子带了
刘超的最好的朋友把公园找了
刘超的最好的朋友被公园找了
赵文达把鞋子卖了
赵文达被鞋子卖了
有些女服务员把镜子扔了
有些女服务员被镜子扔了
金砚秋把记录片忘记了
金砚秋被记录片忘记了
王靖瑶把卡车拿了
王靖瑶被卡车拿了
李淑华的孙子把牛肉带了
李淑华的孙子被牛肉带了
有个男人把李小红的短文忘记了
有个男人被李小红的短文忘记了
那些后代把杨铭的报告记住了
那些后代被杨铭的报告记住了
张丽华把连衣裙带了
张丽华被连衣裙带了
苏金燕把沙发搞乱了
苏金燕被沙发搞乱了
米雪儿把银行打扫了
米雪儿被银行打扫了
有个男演员把艺术画廊打扫了
有个男演员被艺术画廊打扫了
黄子婷的孙子把独轮车扔了
黄子婷的孙子被独轮车扔了
金鹏的祖母把银行转移了
金鹏的祖母被银行转移了
那些顾客把图书馆搞乱了
那些顾客被图书馆搞乱了
这个医生把大学校园记住了
这个医生被大学校园记住了
李语嫣把赵唱的评论忘记了
李语嫣被赵唱的评论忘记了
何冰冰把独轮车打破了
何冰冰被独轮车打破了
柴静把王泽爽的报告检查了
柴静被王泽爽的报告检查了
吕小莲把女士衬衫穿了
吕小莲被女士衬衫穿了
王梦把盘子扔了
王梦被盘子扔了
有些学生的主管把分析研究了
有些学生的主管被分析研究了
周佳把光卖了
周佳被光卖了
李天月把博物馆搞乱了
李天月被博物馆搞乱了
王子豪把公园搞乱了
王子豪被公园搞乱了
朱德玲把虞佳蓉的展出讨论了
朱德玲被虞佳蓉的展出讨论了
毛毅把围巾找了
毛毅被围巾找了
王子豪的承包商把冰川摆脱了
王子豪的承包商被冰川摆脱了
张兴的律师把咖啡馆讨论了
张兴的律师被咖啡馆讨论了
裤子把银行转移了
裤子被银行转移了
唐月把披肩穿了
唐月被披肩穿了
虞佳蓉把小册子讨论了
虞佳蓉被小册子讨论了
有个出纳员的学员把评论扫描了
有个出纳员的学员被评论扫描了
梁楠的朋友把立法机关转移了
梁楠的朋友被立法机关转移了
那个青少年的同事把戏剧检查了
那个青少年的同事被戏剧检查了
齐燕把评论研究了
齐燕被评论研究了
周佳的钢琴老师把图书馆讨论了
周佳的钢琴老师被图书馆讨论了
陈晶把医院搞乱了
陈晶被医院搞乱了
那个顾客把袜子洗了
那个顾客被袜子洗了
马娟把庞华的舞台剧扫描了
马娟被庞华的舞台剧扫描了
那些医生的勤杂工把镜子拿了
那些医生的勤杂工被镜子拿了
朱德玲把电影院搞乱了
朱德玲被电影院搞乱了
王金凤把老鼠卖了
王金凤被老鼠卖了
那个女人的前妻把碟子扔了
那个女人的前妻被碟子扔了
这些男子的女儿把砂锅菜找了
这些男子的女儿被砂锅菜找了
公司把论文忘记了
公司被论文忘记了
谭言把绘画卖了
谭言被绘画卖了
石文静的孙子把李丹丹的短文忘记了
石文静的孙子被李丹丹的短文忘记了
刁晨曦把李莫言的书记住了
刁晨曦被李莫言的书记住了
高屹森把独轮车扔了
高屹森被独轮车扔了
张涛把杯子找了
张涛被杯子找了
罗西把论文讨论了
罗西被论文讨论了
徐伟的客人把饭店讨论了
徐伟的客人被饭店讨论了
杭美把投影机举了
杭美被投影机举了
王秀梅的牙医把眼睛带了
王秀梅的牙医被眼睛带了
赵梦婷把大衣穿了
赵梦婷被大衣穿了
这个男服务员把赵健杰的短文忘记了
这个男服务员被赵健杰的短文忘记了
有个女人的女儿们把玻璃打破了
有个女人的女儿们被玻璃打破了
那个顾客的皮肤科医生把小册子研究了
那个顾客的皮肤科医生被小册子研究了
李丹丹把鱼拿了
李丹丹被鱼拿了
何冰冰把衬衫举了
何冰冰被衬衫举了
那些学生把五大湖记住了
那些学生被五大湖记住了
刘霞把脸卖了
刘霞被脸卖了
陈桂兰的导师把脚拿了
陈桂兰的导师被脚拿了
王萍把分析忘记了
王萍被分析忘记了
那个顾客的水管工把博物馆调查了
那个顾客的水管工被博物馆调查了
李淑华把坡清洗了
李淑华被坡清洗了
赵佳莹母亲把严莉莉的故事研究了
赵佳莹母亲被严莉莉的故事研究了
孙一飞把连衣裙穿了
孙一飞被连衣裙穿了
马冬梅把鞋子洗了
马冬梅被鞋子洗了
高屹森把地毯搞乱了
高屹森被地毯搞乱了
宋瑞芝把王淑珍的评论扫描了
宋瑞芝被王淑珍的评论扫描了
这些青少年的女朋友把五大湖摆脱了
这些青少年的女朋友被五大湖摆脱了
刘思源的电工把电影研究了
刘思源的电工被电影研究了
这个男服务员把椅子打破了
这个男服务员被椅子打破了
罗西的参议员把购物中心摆脱了
罗西的参议员被购物中心摆脱了
有些女士把韩娟的印刷品拿了
有些女士被韩娟的印刷品拿了
董怡把银行转移了
董怡被银行转移了
黄敏把公园打扫了
黄敏被公园打扫了
秦凯把推车扔了
秦凯被推车扔了
刘超把周通的展出检查了
刘超被周通的展出检查了
孔薇把照片清洗了
孔薇被照片清洗了
克林顿夫妇把概要研究了
克林顿夫妇被概要研究了
有些女人的伙伴把汽车扔了
有些女人的伙伴被汽车扔了
沈辰把评论忘记了
沈辰被评论忘记了
戴楚楚的皮肤科医生把论文研究了
戴楚楚的皮肤科医生被论文研究了
这些女孩的父亲把戏剧扫描了
这些女孩的父亲被戏剧扫描了
叶凯琳的前男友把辣椒带了
叶凯琳的前男友被辣椒带了
那个参议员把冰柱带了
那个参议员被冰柱带了
吕小莲的孙女把独轮车打破了
吕小莲的孙女被独轮车打破了
有个人把林泽轩的报告研究了
有个人被林泽轩的报告研究了
郭瀚临的侄女把袜子带了
郭瀚临的侄女被袜子带了
高晗把协会调查了
高晗被协会调查了
这些学生的钢琴老师把王秀梅的评论描述了
这些学生的钢琴老师被王秀梅的评论描述了
丁雅静把立法机关转移了
丁雅静被立法机关转移了
戴楚楚把小册子扫描了
戴楚楚被小册子扫描了
王超的儿子把大衣洗了
王超的儿子被大衣洗了
汪乐知的侄女把分析检查了
汪乐知的侄女被分析检查了
王婷婷的祖母把山脉记住了
王婷婷的祖母被山脉记住了
何汉的钢琴老师把杂货商店拿了
何汉的钢琴老师被杂货商店拿了
张心仪把杯子打扫了
张心仪被杯子打扫了
有些女人的合作人把刘振平的故事扫描了
有些女人的合作人被刘振平的故事扫描了
凌菲把李天月的评论扫描了
凌菲被李天月的评论扫描了
叶梓的导师把叉子搞乱了
叶梓的导师被叉子搞乱了
这些老人的女儿们把敞篷车拿了
这些老人的女儿们被敞篷车拿了
那个出纳员的导师把牙齿卖了
那个出纳员的导师被牙齿卖了
这些患者的足病医生把马良的舞台剧研究了
这些患者的足病医生被马良的舞台剧研究了
刘桂兰把自行车打破了
刘桂兰被自行车打破了
刘雨欣把立法机关调查了
刘雨欣被立法机关调查了
沈佳宜的祖父把推车扔了
沈佳宜的祖父被推车扔了
那些男演员的皮肤科医生把医院描述了
那些男演员的皮肤科医生被医院描述了
韩梅梅把纪录片检查了
韩梅梅被纪录片检查了
吴美琳把杂货店打扫了
吴美琳被杂货店打扫了
仇一诺把蛇带了
仇一诺被蛇带了
马良把刺激找了
马良被刺激找了
方永晴把吴宇涛的报告扫描了
方永晴被吴宇涛的报告扫描了
这些行人把盘子打破了
这些行人被盘子打破了
陈俊把大学调查了
陈俊被大学调查了
王玉珍把王皓的传单讨论了
王玉珍被王皓的传单讨论了
刘雨欣把玻璃打扫了
刘雨欣被玻璃打扫了
王刚把叉子扔了
王刚被叉子扔了
王超把短裙穿了
王超被短裙穿了
姚美杏把医院调查了
姚美杏被医院调查了
有些男人的妻子把敞篷车扔了
有些男人的妻子被敞篷车扔了
柴静把艺术画廊讨论了
柴静被艺术画廊讨论了
公司把董玉洁的展出讨论了
公司被董玉洁的展出讨论了
有个顾客的电工把高中搞乱了
有个顾客的电工被高中搞乱了
钱伯谦把李伟的纪录片检查了
钱伯谦被李伟的纪录片检查了
伽利略把马车卖了
伽利略被马车卖了
吕小莲把哈佛大学调查了
吕小莲被哈佛大学调查了
张永祥把鞋子穿了
张永祥被鞋子穿了
这些人把概要讨论了
这些人被概要讨论了
那个家伙把绿洲拿了
那个家伙被绿洲拿了
有个女人把文章检查了
有个女人被文章检查了
有些行人把戏剧讨论了
有些行人被戏剧讨论了
陈晶的律师把图书举了
陈晶的律师被图书举了
这个儿童把报告研究了
这个儿童被报告研究了
克林顿夫妇把博物馆摆脱了
克林顿夫妇被博物馆摆脱了
有个老师把分析检查了
有个老师被分析检查了
那些女士把故事研究了
那些女士被故事研究了
赵健杰把论文检查了
赵健杰被论文检查了
有个司机把碟子打破了
有个司机被碟子打破了
赵健杰把周通的文章研究了
赵健杰被周通的文章研究了
张沛然把大衣穿了
张沛然被大衣穿了
绿洲把大学转移了
绿洲被大学转移了
谢梦梦表亲把袜子穿了
谢梦梦表亲被袜子穿了
协会把咖啡馆卖了
协会被咖啡馆卖了
张丽华把衬衫洗了
张丽华被衬衫洗了
楼梯把大学转移了
楼梯被大学转移了
那个顾客把汽车打扫了
那个顾客被汽车打扫了
王超把协会转移了
王超被协会转移了
杨铭把图书忘记了
杨铭被图书忘记了
张厚望把小册子研究了
张厚望被小册子研究了
谢天天把报告举了
谢天天被报告举了
有个校友把黄瓜卖了
有个校友被黄瓜卖了
许好把电影忘记了
许好被电影忘记了
郭瀚临把袜子穿了
郭瀚临被袜子穿了
有些学生把白饭清洗了
有些学生被白饭清洗了
马良把屏幕打破了
马良被屏幕打破了
许凯把山脉摆脱了
许凯被山脉摆脱了
谁把大学校园打扫了
谁被大学校园打扫了
医院把黄瓜卖了
医院被黄瓜卖了
陈红把绘画举了
陈红被绘画举了
李思佳的祖母把戏剧检查了
李思佳的祖母被戏剧检查了
林惠的祖父把图书研究了
林惠的祖父被图书研究了
庞华把杂货店讨论了
庞华被杂货店讨论了
这个校友的勤杂工把博物馆打扫了
这个校友的勤杂工被博物馆打扫了
那些顾客把棒冰带了
那些顾客被棒冰带了
李翔把委员会调查了
李翔被委员会调查了
王鑫把馅饼清洗了
王鑫被馅饼清洗了
这个参议员把高中搞乱了
这个参议员被高中搞乱了
李悦把大衣穿了
李悦被大衣穿了
王玉珍把连衣裙洗了
王玉珍被连衣裙洗了
舒婷把飞机卖了
舒婷被飞机卖了
那些客人的电工把西班牙调查了
那些客人的电工被西班牙调查了
莫奈的侄女把故事检查了
莫奈的侄女被故事检查了
这些行人的导师把邹雪辰的评论记住了
这些行人的导师被邹雪辰的评论记住了
刘旭敏把图书忘记了
刘旭敏被图书忘记了
那些女服务员的勤杂工把什么研究了
那些女服务员的勤杂工被什么研究了
有个男人把杯子扔了
有个男人被杯子扔了
唐月把椅子扔了
唐月被椅子扔了
孙文把博物馆调查了
孙文被博物馆调查了
金鹏把书研究了
金鹏被书研究了
有些学生的杂工把碟子打破了
有些学生的杂工被碟子打破了
刘桂珍把陈晶的舞台剧记住了
刘桂珍被陈晶的舞台剧记住了
刘颖把记录片描述了
刘颖被记录片描述了
刘超把椅子卖了
刘超被椅子卖了
有个女士把灯举了
有个女士被灯举了
郭佳茹的学生们把什么检查了
郭佳茹的学生们被什么检查了
温斯顿·丘吉尔把电影检查了
温斯顿·丘吉尔被电影检查了
陈天瑜把盒子清洗了
陈天瑜被盒子清洗了
这些孩子们把杂货店记住了
这些孩子们被杂货店记住了
罗西把毛衣举了
罗西被毛衣举了
有些男人把公园讨论了
有些男人被公园讨论了
那些女孩的姐妹把图纸带了
那些女孩的姐妹被图纸带了
马可把饭店摆脱了
马可被饭店摆脱了
杨颖的皮肤科医生把银行摆脱了
杨颖的皮肤科医生被银行摆脱了
贾雨静把陈志同的书忘记了
贾雨静被陈志同的书忘记了
窗口把协会转移了
窗口被协会转移了
陈志同把图书馆摆脱了
陈志同被图书馆摆脱了
薛雯的员工把杨波的舞台剧扫描了
薛雯的员工被杨波的舞台剧扫描了
张晓峰把书忘记了
张晓峰被书忘记了
这个男孩的肿瘤医师把杨波的报告检查了
这个男孩的肿瘤医师被杨波的报告检查了
刘振平把推车卖了
刘振平被推车卖了
董玉洁的父亲把姚美杏的展出忘记了
董玉洁的父亲被姚美杏的展出忘记了
王皓把电影扫描了
王皓被电影扫描了
赵菁菁把脚打破了
赵菁菁被脚打破了
路德教会把王靖瑶的评论检查了
路德教会被王靖瑶的评论检查了
这个老师的承包商把独轮车扔了
这个老师的承包商被独轮车扔了
那个男演员把报纸文章忘记了
那个男演员被报纸文章忘记了
杭美把阶梯清洗了
杭美被阶梯清洗了
张厚望的兄弟把面包带了
张厚望的兄弟被面包带了
分析把分析讨论了
分析被分析讨论了
印象派的朋友把书忘记了
印象派的朋友被书忘记了
有个参议员的牙医把庞华的评论讨论了
有个参议员的牙医被庞华的评论讨论了
王皓的孙女把冰川摆脱了
王皓的孙女被冰川摆脱了
虞佳蓉把沙发搞乱了
虞佳蓉被沙发搞乱了
王芳把独轮车打破了
王芳被独轮车打破了
高晗把公园摆脱了
高晗被公园摆脱了
唐月把推车扔了
唐月被推车扔了
张兴把戏剧检查了
张兴被戏剧检查了
张超的合作人把关彤彤的图片拿了
张超的合作人被关彤彤的图片拿了
王皓把艺术画廊带了
王皓被艺术画廊带了
许逸航把碟子扔了
许逸航被碟子扔了
仇一诺把叉子带了
仇一诺被叉子带了
刘桂珍把饭店摆脱了
刘桂珍被饭店摆脱了
唐月把陈志同的传单检查了
唐月被陈志同的传单检查了
卢诗韵把医院转移了
卢诗韵被医院转移了
那些女人的导师把博物馆打扫了
那些女人的导师被博物馆打扫了
凌菲把苹果拿了
凌菲被苹果拿了
何汉把蜡烛清洗了
何汉被蜡烛清洗了
宋兆旭把图片拿了
宋兆旭被图片拿了
唐月把视窗扔了
唐月被视窗扔了
孟杰把推车扔了
孟杰被推车扔了
委员会把飞机卖了
委员会被飞机卖了
王磊把绿洲举了
王磊被绿洲举了
赵乾把图书扫描了
赵乾被图书扫描了
赵乾把棒冰举了
赵乾被棒冰举了
组织机构把电影忘记了
组织机构被电影忘记了
张沛然把西班牙记住了
张沛然被西班牙记住了
刘雨欣把手套搞乱了
刘雨欣被手套搞乱了
这个出纳员的参议员把独轮车卖了
这个出纳员的参议员被独轮车卖了
刘志强把李思彤的印刷品清洗了
刘志强被李思彤的印刷品清洗了
王泽爽的父亲把高晗的书忘记了
王泽爽的父亲被高晗的书忘记了
何汉把杨桂英的短文研究了
何汉被杨桂英的短文研究了
赵佳莹把蘑菇卖了
赵佳莹被蘑菇卖了
石文静的儿子把镜子打破了
石文静的儿子被镜子打破了
有个男演员把医院调查了
有个男演员被医院调查了
杨芳把香蕉举了
杨芳被香蕉举了
刘雨欣把钱伯谦的故事扫描了
刘雨欣被钱伯谦的故事扫描了
刘思源的医生把眼睛找了
刘思源的医生被眼睛找了
张超把裤子洗了
张超被裤子洗了
薛雯把报纸文章研究了
薛雯被报纸文章研究了
刘聪聪的孙女把唐月的报告记住了
刘聪聪的孙女被唐月的报告记住了
张敏敏把书找了
张敏敏被书找了
有个医生把香菜拿了
有个医生被香菜拿了
毛妍纯把帽子拿了
毛妍纯被帽子拿了
林雨桐把艺术画廊打扫了
林雨桐被艺术画廊打扫了
庞华把玻璃扔了
庞华被玻璃扔了
黄敏把椅子带了
黄敏被椅子带了
徐伟把聚光灯举了
徐伟被聚光灯举了
卢诗韵把女士衬衫洗了
卢诗韵被女士衬衫洗了
包曼玉的最好的朋友把小册子清洗了
包曼玉的最好的朋友被小册子清洗了
窗口把组织机构转移了
窗口被组织机构转移了
李淑华把小册子忘记了
李淑华被小册子忘记了
这些儿童的兄弟把电影院讨论了
这些儿童的兄弟被电影院讨论了
杨桂英把论文扫描了
杨桂英被论文扫描了
张永祥把碟子举了
张永祥被碟子举了
陈丽把杂货店打扫了
陈丽被杂货店打扫了
有个校友的承包商把图书馆搞乱了
有个校友的承包商被图书馆搞乱了
有个医生的孙子把眼镜举了
有个医生的孙子被眼镜举了
那些孩子们把银行调查了
那些孩子们被银行调查了
马娟把评论扫描了
马娟被评论扫描了
许逸航把电脑卖了
许逸航被电脑卖了
叶梓把王金凤的评论描述了
叶梓被王金凤的评论描述了
这些人把饭店摆脱了
这些人被饭店摆脱了
陈桂兰把银行清洗了
陈桂兰被银行清洗了
政府把山脉记住了
政府被山脉记住了
徐洁把学校调查了
徐洁被学校调查了
张伟把学校摆脱了
张伟被学校摆脱了
万智芸把文章检查了
万智芸被文章检查了
张秀兰把故事扫描了
张秀兰被故事扫描了
赵唱把眼镜搞乱了
赵唱被眼镜搞乱了
这个儿童的父亲们把短裙洗了
这个儿童的父亲们被短裙洗了
有些舞蹈家的学员把咖啡店记住了
有些舞蹈家的学员被咖啡店记住了
谢梦梦把委员会调查了
谢梦梦被委员会调查了
张婷的祖母把概要检查了
张婷的祖母被概要检查了
李倩倩把地毯打扫了
李倩倩被地毯打扫了
李春梅的祖父把馅饼找了
李春梅的祖父被馅饼找了
这些顾客的电工把叉子拿了
这些顾客的电工被叉子拿了
那个年轻人的电工把贾栋的文章记住了
那个年轻人的电工被贾栋的文章记住了
有个医生把报纸文章带了
有个医生被报纸文章带了
魏新宇的导师把高中打扫了
魏新宇的导师被高中打扫了
谁把分析记住了
谁被分析记住了
关彤彤的前男友把汽车搞乱了
关彤彤的前男友被汽车搞乱了
张欣然把刁晨曦的传单检查了
张欣然被刁晨曦的传单检查了
陈天瑜把哈佛大学描述了
陈天瑜被哈佛大学描述了
陈桂兰把牙齿打破了
陈桂兰被牙齿打破了
那个人的妻子把马找了
那个人的妻子被马找了
李思佳把核找了
李思佳被核找了
崔思雨把饭店打扫了
崔思雨被饭店打扫了
张欣然的同事把汽车搞乱了
张欣然的同事被汽车搞乱了
黄秀英把分析描述了
黄秀英被分析描述了
那些男人的水管工把大衣穿了
那些男人的水管工被大衣穿了
有个司机的主管把孟杰的电影检查了
有个司机的主管被孟杰的电影检查了
吴宇涛的美发师把玻璃搞乱了
吴宇涛的美发师被玻璃搞乱了
徐伟的水管工把手套穿了
徐伟的水管工被手套穿了
苏金燕把电脑拿了
苏金燕被电脑拿了
政治把大学转移了
政治被大学转移了
那个患者的同事把故事记住了
那个患者的同事被故事记住了
有些家伙把长椅打扫了
有些家伙被长椅打扫了
那个女士的学员把视窗打破了
那个女士的学员被视窗打破了
张敏敏的表亲把牙齿带了
张敏敏的表亲被牙齿带了
那个行人的牙医把概要忘记了
那个行人的牙医被概要忘记了
张静把椅子打扫了
张静被椅子打扫了
万智芸把胡艺珍的文章扫描了
万智芸被胡艺珍的文章扫描了
吴美琳把饭店记住了
吴美琳被饭店记住了
张静把学校摆脱了
张静被学校摆脱了
陈天瑜把卜泽伟的故事检查了
陈天瑜被卜泽伟的故事检查了
有个男人把论文检查了
有个男人被论文检查了
高屹森把眼镜搞乱了
高屹森被眼镜搞乱了
陈志同的孙子把披肩洗了
陈志同的孙子被披肩洗了
赵唱的父亲们把评论忘记了
赵唱的父亲们被评论忘记了
杨敏娟把山讨论了
杨敏娟被山讨论了
莫奈把番茄清洗了
莫奈被番茄清洗了
孙晓聪把花瓶找了
孙晓聪被花瓶找了
这个行人把卡车打破了
这个行人被卡车打破了
张婷把冰川讨论了
张婷被冰川讨论了
高晗把艺术画廊举了
高晗被艺术画廊举了
罗西的母亲把咖啡店找了
罗西的母亲被咖啡店找了
印象派把张伟的文章研究了
印象派被张伟的文章研究了
这个参议员的同学们把图书馆转移了
这个参议员的同学们被图书馆转移了
丁雅静的丈夫把西班牙描述了
丁雅静的丈夫被西班牙描述了
有些校友的前男友把哈佛大学转移了
有些校友的前男友被哈佛大学转移了
这个参议员的孙子把卡车扔了
这个参议员的孙子被卡车扔了
有些年轻人把分析忘记了
有些年轻人被分析忘记了
梁楠把高宁的故事检查了
梁楠被高宁的故事检查了
赵菁菁的兄弟把电影院摆脱了
赵菁菁的兄弟被电影院摆脱了
李淑华把委员会调查了
李淑华被委员会调查了
王润东把医院讨论了
王润东被医院讨论了
庞华的祖母把概要扫描了
庞华的祖母被概要扫描了
耶稣把学校转移了
耶稣被学校转移了
丘陵把哈佛大学转移了
丘陵被哈佛大学转移了
江洋的肿瘤医师把披肩洗了
江洋的肿瘤医师被披肩洗了
王淑珍把图书带了
王淑珍被图书带了
李悦的同事把委员会调查了
李悦的同事被委员会调查了
张欣然把眼睛找了
张欣然被眼睛找了
徐黄把汽车搞乱了
徐黄被汽车搞乱了
这个男演员的孙子把高中找了
这个男演员的孙子被高中找了
马娟的祖母把图片举了
马娟的祖母被图片举了
公司把赵菁菁的故事忘记了
公司被赵菁菁的故事忘记了
这个司机把医院描述了
这个司机被医院描述了
这些行人把公园搞乱了
这些行人被公园搞乱了
张涛把大学校园描述了
张涛被大学校园描述了
自行车把图书馆转移了
自行车被图书馆转移了
张琴把山讨论了
张琴被山讨论了
这些患者的客人把图书馆搞乱了
这些患者的客人被图书馆搞乱了
这个司机把小册子描述了
这个司机被小册子描述了
马萌把毛衣穿了
马萌被毛衣穿了
赵梦婷把山记住了
赵梦婷被山记住了
博物馆把照片拿了
博物馆被照片拿了
赵佳莹把银行讨论了
赵佳莹被银行讨论了
吴美琳把咖啡馆描述了
吴美琳被咖啡馆描述了
那些出纳员把赵佳莹的书忘记了
那些出纳员被赵佳莹的书忘记了
王淑萍把叉子扔了
王淑萍被叉子扔了
有些医生的合作人把连衣裙穿了
有些医生的合作人被连衣裙穿了
严莉莉把银行打扫了
严莉莉被银行打扫了
林雨桐把银行描述了
林雨桐被银行描述了
张琴把张红梅的书扫描了
张琴被张红梅的书扫描了
有些孩子们把公园搞乱了
有些孩子们被公园搞乱了
杨桂英的前夫把菌类举了
杨桂英的前夫被菌类举了
韩梅梅把银行搞乱了
韩梅梅被银行搞乱了
赵诗涵把脸带了
赵诗涵被脸带了
梅丽的祖母把屏幕带了
梅丽的祖母被屏幕带了
吴宇涛把屏幕打破了
吴宇涛被屏幕打破了
刘丽把图书馆搞乱了
刘丽被图书馆搞乱了
有个人把地毯搞乱了
有个人被地毯搞乱了
于凯丽的承办商把敞篷车打破了
于凯丽的承办商被敞篷车打破了
周慧敏把王梦的纪录片扫描了
周慧敏被王梦的纪录片扫描了
张婷把窗口扔了
张婷被窗口扔了
有个女士的美发师把论文记住了
有个女士的美发师被论文记住了
周通把艺术画廊摆脱了
周通被艺术画廊摆脱了
韩娟把医院调查了
韩娟被医院调查了
洪燕平把政府调查了
洪燕平被政府调查了
樊颖把杯子扔了
樊颖被杯子扔了
陈天瑜把学校描述了
陈天瑜被学校描述了
姚美杏把脚扔了
姚美杏被脚扔了
刘振平的侄女把短裙洗了
刘振平的侄女被短裙洗了
杨桂英把学校调查了
杨桂英被学校调查了
王皓把李思佳的传单忘记了
王皓被李思佳的传单忘记了
路德教会把文章扫描了
路德教会被文章扫描了
汪乐知把医院搞乱了
汪乐知被医院搞乱了
赵梦婷把宋瑞芝的书描述了
赵梦婷被宋瑞芝的书描述了
王鑫把陈俊的文章带了
王鑫被陈俊的文章带了
那些出纳员的父亲们把湖带了
那些出纳员的父亲们被湖带了
金砚秋把玻璃打扫了
金砚秋被玻璃打扫了
卞紫薇的伙伴把戏剧扫描了
卞紫薇的伙伴被戏剧扫描了
周通的美发师把艺术画廊卖了
周通的美发师被艺术画廊卖了
王秀英的兄弟把图书馆打扫了
王秀英的兄弟被图书馆打扫了
周敏娜把艺术画廊讨论了
周敏娜被艺术画廊讨论了
那个出纳员的肿瘤医师把连衣裙举了
那个出纳员的肿瘤医师被连衣裙举了
王磊把鱼清洗了
王磊被鱼清洗了
许好的祖母把大衣找了
许好的祖母被大衣找了
舒婷把小山描述了
舒婷被小山描述了
那些青少年把分析扫描了
那些青少年被分析扫描了
毛毅把董玉洁的舞台剧讨论了
毛毅被董玉洁的舞台剧讨论了
那个女演员把飞机打破了
那个女演员被飞机打破了
刘丽的学员把飞机卖了
刘丽的学员被飞机卖了
孙龙把围巾洗了
孙龙被围巾洗了
于凯丽把白饭找了
于凯丽被白饭找了
梁毅把鸟拿了
梁毅被鸟拿了
杨颖把报告记住了
杨颖被报告记住了
那个青少年把地毯清洗了
那个青少年被地毯清洗了
魏新宇把冰川记住了
魏新宇被冰川记住了
有个年轻人把围巾穿了
有个年轻人被围巾穿了
郝良帅把黄秀英的书研究了
郝良帅被黄秀英的书研究了
论文把报告讨论了
论文被报告讨论了
李思彤的员工把论文记住了
李思彤的员工被论文记住了
这个人把手套洗了
这个人被手套洗了
游欢欢把高中打扫了
游欢欢被高中打扫了
这个舞蹈家的美发师把版画清洗了
这个舞蹈家的美发师被版画清洗了
大家把大学调查了
大家被大学调查了
孔薇把鞋子搞乱了
孔薇被鞋子搞乱了
卜泽伟把协会调查了
卜泽伟被协会调查了
王金凤把小册子描述了
王金凤被小册子描述了
有个女孩把陈晶的短文研究了
有个女孩被陈晶的短文研究了
有个患者的律师把叉子打破了
有个患者的律师被叉子打破了
高婷婷把孔薇的展出扫描了
高婷婷被孔薇的展出扫描了
杨颖的妹妹把图书扫描了
杨颖的妹妹被图书扫描了
毛毅的牙医把砂锅菜找了
毛毅的牙医被砂锅菜找了
许好把台灯拿了
许好被台灯拿了
齐燕把敞篷车打破了
齐燕被敞篷车打破了
詹静芳把杯子搞乱了
詹静芳被杯子搞乱了
陈哲把河清洗了
陈哲被河清洗了
这些女人的前男友把政府调查了
这些女人的前男友被政府调查了
李文清的参议员把赵文达绘画举了
李文清的参议员被赵文达绘画举了
林泽轩把赵诗涵的评论描述了
林泽轩被赵诗涵的评论描述了
刘超的兄弟把鱼卖了
刘超的兄弟被鱼卖了
学校把鱼卖了
学校被鱼卖了
陈哲把帽子洗了
陈哲被帽子洗了
孙领把马车打破了
孙领被马车打破了
有些青少年把图书馆摆脱了
有些青少年被图书馆摆脱了
杨铭把组织机构转移了
杨铭被组织机构转移了
高屹森把地毯卖了
高屹森被地毯卖了
那些男演员的朋友把帽子洗了
那些男演员的朋友被帽子洗了
陈红把学校调查了
陈红被学校调查了
有个女士的老师把狗卖了
有个女士的老师被狗卖了
齐燕把碟子打破了
齐燕被碟子打破了
崔兆亮把大学转移了
崔兆亮被大学转移了
周慧敏的孙女把猪肉卖了
周慧敏的孙女被猪肉卖了
杨桂英表亲把衬衫举了
杨桂英表亲被衬衫举了
刘振平把杂货商店搞乱了
刘振平被杂货商店搞乱了
有个参议员把牛找了
有个参议员被牛找了
李文清把杂货店找了
李文清被杂货店找了
林雨桐的朋友把电脑打破了
林雨桐的朋友被电脑打破了
凌菲的勤杂工把张欣然的短文忘记了
凌菲的勤杂工被张欣然的短文忘记了
陈天瑜把分析扫描了
陈天瑜被分析扫描了
卜泽伟的参议员把博物馆打扫了
卜泽伟的参议员被博物馆打扫了
严莉莉把沙发打扫了
严莉莉被沙发打扫了
李林把图书馆转移了
李林被图书馆转移了
这些儿童的孙女把立法机关调查了
这些儿童的孙女被立法机关调查了
这些男服务员的丈夫把夏雨琳的电影描述了
这些男服务员的丈夫被夏雨琳的电影描述了
那些成人把袜子洗了
那些成人被袜子洗了
马可把银行记住了
马可被银行记住了
夏雨琳把脚打扫了
夏雨琳被脚打扫了
这个司机的儿子们把披肩找了
这个司机的儿子们被披肩找了
李小红把概要扫描了
李小红被概要扫描了
赵诗涵的老师把学校搞乱了
赵诗涵的老师被学校搞乱了
许凯的最好的朋友把汽车拿了
许凯的最好的朋友被汽车拿了
李小红把披肩穿了
李小红被披肩穿了
王婷婷把眼睛带了
王婷婷被眼睛带了
陈天瑜把崔思雨的小册子研究了
陈天瑜被崔思雨的小册子研究了
周通把裤子举了
周通被裤子举了
牛把立法机关转移了
牛被立法机关转移了
周敏娜的主管把电影检查了
周敏娜的主管被电影检查了
薛雯把电影忘记了
薛雯被电影忘记了
这些女孩的孙女把连衣裙洗了
这些女孩的孙女被连衣裙洗了
王玉珍表亲把女士衬衫洗了
王玉珍表亲被女士衬衫洗了
王婷婷把卡车找了
王婷婷被卡车找了
有个老人把大衣穿了
有个老人被大衣穿了
这个男子的伙伴把棒冰带了
这个男子的伙伴被棒冰带了
辣椒把大学转移了
辣椒被大学转移了
赵诗涵把丘陵摆脱了
赵诗涵被丘陵摆脱了
齐燕把衬衫找了
齐燕被衬衫找了
秦可岚的皮肤科医生把黄瓜卖了
秦可岚的皮肤科医生被黄瓜卖了
郑沁欣把组织机构调查了
郑沁欣被组织机构调查了
王月把独轮车扔了
王月被独轮车扔了
刘霞的兄弟把电脑打破了
刘霞的兄弟被电脑打破了
那个女孩把报纸文章扫描了
那个女孩被报纸文章扫描了
吴宇涛把分析检查了
吴宇涛被分析检查了
李悦把马可的书忘记了
李悦被马可的书忘记了
那个校友把分析检查了
那个校友被分析检查了
刘雨欣把张涛的传单扫描了
刘雨欣被张涛的传单扫描了
这个儿童把蘑菇举了
这个儿童被蘑菇举了
王皓把图书检查了
王皓被图书检查了
大家把女士衬衫洗了
大家被女士衬衫洗了
杨波的父亲把杂货商店描述了
杨波的父亲被杂货商店描述了
张欣然把鹿找了
张欣然被鹿找了
孙文把鞋子洗了
孙文被鞋子洗了
许逸航母亲把蛇拿了
许逸航母亲被蛇拿了
陈志同把帽子穿了
陈志同被帽子穿了
郝良帅的祖母把学校摆脱了
郝良帅的祖母被学校摆脱了
陈红的文章把立法机关转移了
陈红的文章被立法机关转移了
谢梦梦把赵文达的小册子检查了
谢梦梦被赵文达的小册子检查了
那个儿童把地毯打扫了
那个儿童被地毯打扫了
叶凯琳把地毯拿了
叶凯琳被地毯拿了
吕小莲的母亲把公园打扫了
吕小莲的母亲被公园打扫了
沈佳宜把长椅打破了
沈佳宜被长椅打破了
那些女孩把许好的书忘记了
那些女孩被许好的书忘记了
王刚把政府调查了
王刚被政府调查了
孙晓聪的伴侣把哈佛大学摆脱了
孙晓聪的伴侣被哈佛大学摆脱了
刘思源把章鱼举了
刘思源被章鱼举了
学校把高中讨论了
学校被高中讨论了
蔡文璐把西班牙调查了
蔡文璐被西班牙调查了
温斯顿·丘吉尔把椅子拿了
温斯顿·丘吉尔被椅子拿了
那些顾客把仙人掌找了
那些顾客被仙人掌找了
那些女服务员把杯子扔了
那些女服务员被杯子扔了
樊颖把冰川摆脱了
樊颖被冰川摆脱了
王月的导师把李天月的评论扫描了
王月的导师被李天月的评论扫描了
孙一飞把报告记住了
孙一飞被报告记住了
林惠把学校描述了
林惠被学校描述了
王金凤把高中摆脱了
王金凤被高中摆脱了
有些患者把花瓶举了
有些患者被花瓶举了
有个孩子们把沙发清洗了
有个孩子们被沙发清洗了
杨桂英把光带了
杨桂英被光带了
王婷婷把咖啡店摆脱了
王婷婷被咖啡店摆脱了
梁楠把高中清洗了
梁楠被高中清洗了
那个参议员的前男友把论文带了
那个参议员的前男友被论文带了
莫奈把纪录片忘记了
莫奈被纪录片忘记了
高晗把大衣洗了
高晗被大衣洗了
李文清把吴美琳的小册子检查了
李文清被吴美琳的小册子检查了
这个女服务员的朋友把帽子洗了
这个女服务员的朋友被帽子洗了
叶梓把滑板扔了
叶梓被滑板扔了
魏新宇把图书馆摆脱了
魏新宇被图书馆摆脱了
林泽轩把电脑找了
林泽轩被电脑找了
这个女士把学校转移了
这个女士被学校转移了
那些男人的足病医生把医院打扫了
那些男人的足病医生被医院打扫了
李莫言把报告描述了
李莫言被报告描述了
米雪儿把医院举了
米雪儿被医院举了
张光毅把花瓶扔了
张光毅被花瓶扔了
这些医生的参议员把夹克穿了
这些医生的参议员被夹克穿了
那个学生的水管工把报告研究了
那个学生的水管工被报告研究了
施月的前女友把独轮车打破了
施月的前女友被独轮车打破了
王雅慧把衬衫洗了
王雅慧被衬衫洗了
王子豪把独轮车扔了
王子豪被独轮车扔了
杜嘉怡把电影院摆脱了
杜嘉怡被电影院摆脱了
李倩倩把披肩带了
李倩倩被披肩带了
严莉莉把种类举了
严莉莉被种类举了
那个患者把地毯清洗了
那个患者被地毯清洗了
那个老师的导师把屏幕带了
那个老师的导师被屏幕带了
刘景睿把王敏的展出研究了
刘景睿被王敏的展出研究了
刘志强的孙女把马可的报告卖了
刘志强的孙女被马可的报告卖了
那些年轻人把王靖瑶的文章扫描了
那些年轻人被王靖瑶的文章扫描了
孙一飞把购物中心讨论了
孙一飞被购物中心讨论了
张婷把飞机找了
张婷被飞机找了
赵梦婷把李春梅的文章描述了
赵梦婷被李春梅的文章描述了
许逸航的女儿把电影院摆脱了
许逸航的女儿被电影院摆脱了
王婷婷把大学调查了
王婷婷被大学调查了
张敏敏把杯子打扫了
张敏敏被杯子打扫了
这个男孩把大学校园摆脱了
这个男孩被大学校园摆脱了
李桐的祖母把郭瀚临的舞台剧研究了
李桐的祖母被郭瀚临的舞台剧研究了
这个出纳员的同班同学把自行车扔了
这个出纳员的同班同学被自行车扔了
那些女人的导师把冰柱拿了
那些女人的导师被冰柱拿了
有个女演员的伙伴把什么洗了
有个女演员的伙伴被什么洗了
这个司机把马车打破了
这个司机被马车打破了
杜嘉怡把报告忘记了
杜嘉怡被报告忘记了
石文静把电影院打扫了
石文静被电影院打扫了
这个男人把杂货商店摆脱了
这个男人被杂货商店摆脱了
那个女演员的钢琴老师把购物中心摆脱了
那个女演员的钢琴老师被购物中心摆脱了
有个男演员的承办商把陈晶的舞台剧忘记了
有个男演员的承办商被陈晶的舞台剧忘记了
林棋的姐妹把宣传册记住了
林棋的姐妹被宣传册记住了
李思彤的最好的朋友把报纸文章讨论了
李思彤的最好的朋友被报纸文章讨论了
赵菁菁的老师把砂锅菜清洗了
赵菁菁的老师被砂锅菜清洗了
那些年轻人的儿子把玻璃扔了
那些年轻人的儿子被玻璃扔了
有些女孩的儿子把蜡烛举了
有些女孩的儿子被蜡烛举了
这个女人把敞篷车扔了
这个女人被敞篷车扔了
这些年轻人的客人把报纸文章清洗了
这些年轻人的客人被报纸文章清洗了
陈晶把小册子检查了
陈晶被小册子检查了
这个参议员把绿洲记住了
这个参议员被绿洲记住了
李思彤把绿洲摆脱了
李思彤被绿洲摆脱了
伽利略把组织机构调查了
伽利略被组织机构调查了
朱德玲把沙发清洗了
朱德玲被沙发清洗了
王梦把核清洗了
王梦被核清洗了
张超把李小红的电影讨论了
张超被李小红的电影讨论了
张心仪把什么扫描了
张心仪被什么扫描了
王慧把自行车扔了
王慧被自行车扔了
王芳把概要研究了
王芳被概要研究了
朱德玲把郭佳茹的展出研究了
朱德玲被郭佳茹的展出研究了
那些行人把夹克穿了
那些行人被夹克穿了
杨芳把李淑华的印刷品带了
杨芳被李淑华的印刷品带了
刘丽把叉子打破了
刘丽被叉子打破了
这些女人把李春梅的舞台剧研究了
这些女人被李春梅的舞台剧研究了
刘振平把银行调查了
刘振平被银行调查了
那些顾客的祖父把碟子扔了
那些顾客的祖父被碟子扔了
孙领把银行找了
孙领被银行找了
刘超的合作人把博物馆调查了
刘超的合作人被博物馆调查了
有个患者的哥哥把毛妍纯的小册子扫描了
有个患者的哥哥被毛妍纯的小册子扫描了
毛毅的孙女把帽子穿了
毛毅的孙女被帽子穿了
张婷把女士衬衫找了
张婷被女士衬衫找了
赵佳莹把茄子清洗了
赵佳莹被茄子清洗了
地毯把组织机构转移了
地毯被组织机构转移了
有些患者把林雨桐的报告检查了
有些患者被林雨桐的报告检查了
王鑫把屏幕卖了
王鑫被屏幕卖了
崔兆亮把鼻子带了
崔兆亮被鼻子带了
陈志同把刘超的短文讨论了
陈志同被刘超的短文讨论了
王月把叉子扔了
王月被叉子扔了
刘颖把绿洲拿了
刘颖被绿洲拿了
那个舞蹈家的同事把博物馆摆脱了
那个舞蹈家的同事被博物馆摆脱了
那些参议员把马车举了
那些参议员被马车举了
夏雨琳把蜡烛拿了
夏雨琳被蜡烛拿了
那个舞蹈家把飞机找了
那个舞蹈家被飞机找了
杨敏娟把克林顿夫妇的评论忘记了
杨敏娟被克林顿夫妇的评论忘记了
张厚望把盘子扔了
张厚望被盘子扔了
梁楠把自行车扔了
梁楠被自行车扔了
有个家伙把叉子打破了
有个家伙被叉子打破了
贾栋把杯子扔了
贾栋被杯子扔了
这个学生把饭店搞乱了
这个学生被饭店搞乱了
刘旭敏的兄弟把图书馆搞乱了
刘旭敏的兄弟被图书馆搞乱了
张芃芃把照片举了
张芃芃被照片举了
李天月把哈佛大学调查了
李天月被哈佛大学调查了
米雪儿把程丽莎的文章扫描了
米雪儿被程丽莎的文章扫描了
赵菁菁把故事忘记了
赵菁菁被故事忘记了
王雅慧把购物中心打扫了
王雅慧被购物中心打扫了
张淑兰把刘志强的书描述了
张淑兰被刘志强的书描述了
孙莹莹把围巾穿了
孙莹莹被围巾穿了
那个儿童的母亲们把鞋子打扫了
那个儿童的母亲们被鞋子打扫了
孙领把谈欣的电影扫描了
孙领被谈欣的电影扫描了
薛雯把投影机拿了
薛雯被投影机拿了
这个行人的男朋友把窗口打破了
这个行人的男朋友被窗口打破了
大学把蜡烛卖了
大学被蜡烛卖了
杨玲把协会调查了
杨玲被协会调查了
这个医生的钢琴老师把评论忘记了
这个医生的钢琴老师被评论忘记了
有个儿童把周一博的舞台剧扫描了
有个儿童被周一博的舞台剧扫描了
那些老师把盘子卖了
那些老师被盘子卖了
李哲把兔子找了
李哲被兔子找了
王伟的父亲把文章记住了
王伟的父亲被文章记住了
鱼把冰柱找了
鱼被冰柱找了
杨敏娟把公园摆脱了
杨敏娟被公园摆脱了
有个顾客把戏剧研究了
有个顾客被戏剧研究了
大家把湖泊摆脱了
大家被湖泊摆脱了
于凯丽把银行打扫了
于凯丽被银行打扫了
这些女人把毛衣洗了
这些女人被毛衣洗了
王萍的儿子把短裙洗了
王萍的儿子被短裙洗了
秦可岚把图书馆调查了
秦可岚被图书馆调查了
周慧敏把陈哲的展出记住了
周慧敏被陈哲的展出记住了
万智芸把独轮车打破了
万智芸被独轮车打破了
这些女服务员把论文扫描了
这些女服务员被论文扫描了
有些老师把大学校园摆脱了
有些老师被大学校园摆脱了
钱雨婷把立法机关转移了
钱雨婷被立法机关转移了
韩娟把白饭举了
韩娟被白饭举了
刘聪聪把纪录片描述了
刘聪聪被纪录片描述了
徐洁的母亲把蛇卖了
徐洁的母亲被蛇卖了
沈佳宜的祖父把概要讨论了
沈佳宜的祖父被概要讨论了
张敏秀把牛扒带了
张敏秀被牛扒带了
蔡昊把短裙洗了
蔡昊被短裙洗了
王婷婷的朋友把学校讨论了
王婷婷的朋友被学校讨论了
王金凤把银行清洗了
王金凤被银行清洗了
有些女演员把手套清洗了
有些女演员被手套清洗了
孔薇把台阶带了
孔薇被台阶带了
有个男服务员的水管工把眼镜拿了
有个男服务员的水管工被眼镜拿了
周佳把张沛然的文章检查了
周佳被张沛然的文章检查了
张沛然把山脉摆脱了
张沛然被山脉摆脱了
图书馆把马拿了
图书馆被马拿了
谭言把图书馆转移了
谭言被图书馆转移了
刘旭敏把博物馆调查了
刘旭敏被博物馆调查了
丁雅静把论文记住了
丁雅静被论文记住了
梁毅把吕小莲的书忘记了
梁毅被吕小莲的书忘记了
这个患者把概要研究了
这个患者被概要研究了
王淑萍把牛拿了
王淑萍被牛拿了
林惠把庞华的报告描述了
林惠被庞华的报告描述了
这些青少年把女士衬衫穿了
这些青少年被女士衬衫穿了
有些女服务员把公园摆脱了
有些女服务员被公园摆脱了
虞佳蓉把鞋子洗了
虞佳蓉被鞋子洗了
张欣然把公园讨论了
张欣然被公园讨论了
这个顾客把台灯清洗了
这个顾客被台灯清洗了
菌类把学校转移了
菌类被学校转移了
施月把仙人掌举了
施月被仙人掌举了
吕小莲把山讨论了
吕小莲被山讨论了
周敏娜把嘴找了
周敏娜被嘴找了
薛雯的姐妹把独轮车扔了
薛雯的姐妹被独轮车扔了
李会召把戏剧扫描了
李会召被戏剧扫描了
刘霞把种类卖了
刘霞被种类卖了
这个校友的参议员把艺术画廊记住了
这个校友的参议员被艺术画廊记住了
有些患者的前女友把政府调查了
有些患者的前女友被政府调查了
张晓峰的伙伴把高晗的短文记住了
张晓峰的伙伴被高晗的短文记住了
这个男孩的孙女把银行摆脱了
这个男孩的孙女被银行摆脱了
委员会把推车卖了
委员会被推车卖了
有些男人把牙齿卖了
有些男人被牙齿卖了
有个医生把自行车打破了
有个医生被自行车打破了
有些客人的女朋友把李思彤的传单扫描了
有些客人的女朋友被李思彤的传单扫描了
这个青少年的足病医生把衬衫搞乱了
这个青少年的足病医生被衬衫搞乱了
那个女士把飞机扔了
那个女士被飞机扔了
王靖瑶把咖啡馆讨论了
王靖瑶被咖啡馆讨论了
黄子婷的主管把书忘记了
黄子婷的主管被书忘记了
有个男孩的承办商把图书找了
有个男孩的承办商被图书找了
这个校友把灯清洗了
这个校友被灯清洗了
有些男孩把滑板扔了
有些男孩被滑板扔了
毛毅的医生把艺术画廊摆脱了
毛毅的医生被艺术画廊摆脱了
孔薇的孙女把香菜清洗了
孔薇的孙女被香菜清洗了
李翔把孙龙的书扫描了
李翔被孙龙的书扫描了
张杰把蛋糕清洗了
张杰被蛋糕清洗了
有些家伙把文章讨论了
有些家伙被文章讨论了
张光毅把立法机关调查了
张光毅被立法机关调查了
刘景睿把艺术画廊讨论了
刘景睿被艺术画廊讨论了
李莫言的孙女把玻璃打破了
李莫言的孙女被玻璃打破了
赵诗涵把汽车扔了
赵诗涵被汽车扔了
谭言的水管工把电脑扔了
谭言的水管工被电脑扔了
张婷把委员会调查了
张婷被委员会调查了
林泽轩的皮肤科医生把光找了
林泽轩的皮肤科医生被光找了
马可把椅子拿了
马可被椅子拿了
谢天天把脚搞乱了
谢天天被脚搞乱了
那些顾客把纪录片描述了
那些顾客被纪录片描述了
有个校友把西班牙转移了
有个校友被西班牙转移了
孔薇的表亲把滑板清洗了
孔薇的表亲被滑板清洗了
那些顾客的医生把沙发打破了
那些顾客的医生被沙发打破了
吴美琳把王刚的报告描述了
吴美琳被王刚的报告描述了
王月把鼻子找了
王月被鼻子找了
那个儿童的钢琴老师把刘雨欣的报告扫描了
那个儿童的钢琴老师被刘雨欣的报告扫描了
张伟把论文扫描了
张伟被论文扫描了
张伟把协会调查了
张伟被协会调查了
陈哲把分析忘记了
陈哲被分析忘记了
那些女孩把杂货店打扫了
那些女孩被杂货店打扫了
马可的牙医把大学校园打扫了
马可的牙医被大学校园打扫了
杜嘉怡把蛇清洗了
杜嘉怡被蛇清洗了
赵梦婷把王雅慧的小册子检查了
赵梦婷被王雅慧的小册子检查了
王子豪把购物中心举了
王子豪被购物中心举了
李语嫣把披肩穿了
李语嫣被披肩穿了
柴静把眼镜搞乱了
柴静被眼镜搞乱了
那些参议员把图书馆调查了
那些参议员被图书馆调查了
孙龙把李伟的书研究了
孙龙被李伟的书研究了
这些女服务员把砂锅菜找了
这些女服务员被砂锅菜找了
这个男人的学生把电影院打扫了
这个男人的学生被电影院打扫了
刘志强把自行车打破了
刘志强被自行车打破了
那些医生把戏剧记住了
那些医生被戏剧记住了
郭佳茹把夹克穿了
郭佳茹被夹克穿了
王梦的儿子把电影院描述了
王梦的儿子被电影院描述了
张涛把夹克洗了
张涛被夹克洗了
温斯顿·丘吉尔把坡清洗了
温斯顿·丘吉尔被坡清洗了
这些参议员把卡车扔了
这些参议员被卡车扔了
何冰冰的肿瘤医师把鸡举了
何冰冰的肿瘤医师被鸡举了
概要把路德教会的书讨论了
概要被路德教会的书讨论了
这个男子的表姐把电影忘记了
这个男子的表姐被电影忘记了
那些青少年把脚打破了
那些青少年被脚打破了
这些医生把宣传册带了
这些医生被宣传册带了
他们把脚清洗了
他们被脚清洗了
高屹森把钱雨婷素描清洗了
高屹森被钱雨婷素描清洗了
孙莹莹把台阶带了
孙莹莹被台阶带了
王淑珍把艺术画廊摆脱了
王淑珍被艺术画廊摆脱了
张丽华把苹果带了
张丽华被苹果带了
卞紫薇把李哲的小册子检查了
卞紫薇被李哲的小册子检查了
毛妍纯的学员把马车打破了
毛妍纯的学员被马车打破了
何汉把张永祥的传单扫描了
何汉被张永祥的传单扫描了
张涛把宣传册带了
张涛被宣传册带了
蔡文璐把王润东的报告忘记了
蔡文璐被王润东的报告忘记了
刘霞把蘑菇拿了
刘霞被蘑菇拿了
这个女演员把委员会调查了
这个女演员被委员会调查了
没有人把裤子穿了
没有人被裤子穿了
卢诗韵的勤杂工把文章忘记了
卢诗韵的勤杂工被文章忘记了
卜泽伟把番茄找了
卜泽伟被番茄找了
张欣然的儿子把林棋的纪录片记住了
张欣然的儿子被林棋的纪录片记住了
公司把评论忘记了
公司被评论忘记了
有些儿童把盘子举了
有些儿童被盘子举了
黄敏把杯子打扫了
黄敏被杯子打扫了
张光毅的承包商把论文扫描了
张光毅的承包商被论文扫描了
张兴把印象派的传单扫描了
张兴被印象派的传单扫描了
那个年轻人把屏幕找了
那个年轻人被屏幕找了
马冬梅把杂货商店记住了
马冬梅被杂货商店记住了
陈晶把毛衣穿了
陈晶被毛衣穿了
这些儿童把吴宇涛的故事讨论了
这些儿童被吴宇涛的故事讨论了
王月把叉子搞乱了
王月被叉子搞乱了
李文清把绘画找了
李文清被绘画找了
有个出纳员的前夫把毛衣洗了
有个出纳员的前夫被毛衣洗了
杜嘉怡的参议员把围巾洗了
杜嘉怡的参议员被围巾洗了
有些老师的主管把地毯找了
有些老师的主管被地毯找了
万智芸把连衣裙洗了
万智芸被连衣裙洗了
孙领把鹅拿了
孙领被鹅拿了
苏金燕把毛衣洗了
苏金燕被毛衣洗了
那个客人把李淑华的舞台剧讨论了
那个客人被李淑华的舞台剧讨论了
那个舞蹈家把组织机构转移了
那个舞蹈家被组织机构转移了
周慧敏的法语老师把西班牙描述了
周慧敏的法语老师被西班牙描述了
王婷婷把徐伟的展出研究了
王婷婷被徐伟的展出研究了
吴美琳把女士衬衫穿了
吴美琳被女士衬衫穿了
李波把叉子搞乱了
李波被叉子搞乱了
张杰把电脑扔了
张杰被电脑扔了
张沛然把披肩洗了
张沛然被披肩洗了
图书馆把报纸文章讨论了
图书馆被报纸文章讨论了
李哲把汽车打破了
李哲被汽车打破了
有些患者的学员把赵菁菁的书讨论了
有些患者的学员被赵菁菁的书讨论了
他们把意大利面带了
他们被意大利面带了
周慧敏把椅子搞乱了
周慧敏被椅子搞乱了
张伟把评论描述了
张伟被评论描述了
谢天天把短裙清洗了
谢天天被短裙清洗了
谢梦梦的女儿把自行车打破了
谢梦梦的女儿被自行车打破了
丁燕宁的父亲把博物馆记住了
丁燕宁的父亲被博物馆记住了
王芳的伙伴把孙一飞的舞台剧研究了
王芳的伙伴被孙一飞的舞台剧研究了
方永晴把鸡带了
方永晴被鸡带了
那个女士把汽车打扫了
那个女士被汽车打扫了
那个成人把镜子扔了
那个成人被镜子扔了