,0,1,2,3
0,coverb,coverb_with,钱雨婷与钱伯谦预料了,1
1,coverb,coverb_with,钱雨婷冲钱伯谦预料了,0
2,coverb,coverb_with,陈哲跟王梦到达了冰川,1
3,coverb,coverb_with,陈哲于王梦到达了冰川,0
4,coverb,coverb_with,大门替仇一诺猛地打开了,1
5,coverb,coverb_with,大门冲仇一诺猛地打开了,0
6,coverb,coverb_with,松饼与王刚烦扰了那些学生的老师,1
7,coverb,coverb_with,松饼对王刚烦扰了那些学生的老师,0
8,coverb,coverb_with,嘴为有个家伙打开了,1
9,coverb,coverb_with,嘴往有个家伙打开了,0
10,coverb,coverb_with,张红梅和杨敏娟游览了五大湖,1
11,coverb,coverb_with,张红梅用杨敏娟游览了五大湖,0
12,coverb,coverb_with,梅丽替那个女人撒谎了,1
13,coverb,coverb_with,梅丽朝那个女人撒谎了,0
14,coverb,coverb_with,李莫言同张伟遇到了,1
15,coverb,coverb_with,李莫言于张伟遇到了,0
16,coverb,coverb_with,张沛然和丁雅静隐藏了,1
17,coverb,coverb_with,张沛然于丁雅静隐藏了,0
18,coverb,coverb_with,秦凯跟虞佳蓉发现了,1
19,coverb,coverb_with,秦凯冲虞佳蓉发现了,0
20,coverb,coverb_with,高晗为马冬梅考虑了,1
21,coverb,coverb_with,高晗搭马冬梅考虑了,0
22,coverb,coverb_with,窗口替潘明明猛地打开了,1
23,coverb,coverb_with,窗口到潘明明猛地打开了,0
24,coverb,coverb_with,孙龙替刘超回复了,1
25,coverb,coverb_with,孙龙拿刘超回复了,0
26,coverb,coverb_with,王慧同施月记住了这些客人的同学们,1
27,coverb,coverb_with,王慧于施月记住了这些客人的同学们,0
28,coverb,coverb_with,刘晓哲跟那些老人隐瞒了这些男子,1
29,coverb,coverb_with,刘晓哲在那些老人隐瞒了这些男子,0
30,coverb,coverb_with,董怡为王润东证明了谈论,1
31,coverb,coverb_with,董怡从王润东证明了谈论,0
32,coverb,coverb_with,周敏娜给朱德玲培养了,1
33,coverb,coverb_with,周敏娜从朱德玲培养了,0
34,coverb,coverb_with,鸟给李小红隐藏了,1
35,coverb,coverb_with,鸟向李小红隐藏了,0
36,coverb,coverb_with,那个男孩为朱晓阳批评了郭美美的文章,1
37,coverb,coverb_with,那个男孩乘朱晓阳批评了郭美美的文章,0
38,coverb,coverb_with,王超为舒婷证明了聊天,1
39,coverb,coverb_with,王超由舒婷证明了聊天,0
40,coverb,coverb_with,王超为王梦赢得了,1
41,coverb,coverb_with,王超在王梦赢得了,0
42,coverb,coverb_with,谢天天同刘旭敏合作了,1
43,coverb,coverb_with,谢天天从刘旭敏合作了,0
44,coverb,coverb_with,这个人跟张静看了冰柱,1
45,coverb,coverb_with,这个人从张静看了冰柱,0
46,coverb,coverb_with,仇一诺同这个儿童合作了,1
47,coverb,coverb_with,仇一诺往这个儿童合作了,0
48,coverb,coverb_with,高屹森给这个儿童反应了,1
49,coverb,coverb_with,高屹森拿这个儿童反应了,0
50,coverb,coverb_with,王润东替那些参议员举了大衣,1
51,coverb,coverb_with,王润东于那些参议员举了大衣,0
52,coverb,coverb_with,王筱雅同王雅慧隐瞒了王月,1
53,coverb,coverb_with,王筱雅坐王雅慧隐瞒了王月,0
54,coverb,coverb_with,高宁为伽利略治疗了王婷婷,1
55,coverb,coverb_with,高宁搭伽利略治疗了王婷婷,0
56,coverb,coverb_with,杭美替这个女孩治疗了孙龙,1
57,coverb,coverb_with,杭美由这个女孩治疗了孙龙,0
58,coverb,coverb_with,卜泽伟跟王慧逃离了钱伯谦,1
59,coverb,coverb_with,卜泽伟从王慧逃离了钱伯谦,0
60,coverb,coverb_with,梁楠同许好打扫了地毯,1
61,coverb,coverb_with,梁楠坐许好打扫了地毯,0
62,coverb,coverb_with,孙晓聪和何冰冰考虑了刘雨欣的妻子,1
63,coverb,coverb_with,孙晓聪对何冰冰考虑了刘雨欣的妻子,0
64,coverb,coverb_with,丁燕宁为刘旭敏写了那个顾客的参议员,1
65,coverb,coverb_with,丁燕宁乘刘旭敏写了那个顾客的参议员,0
66,coverb,coverb_with,李哲同有个出纳员学习了,1
67,coverb,coverb_with,李哲由有个出纳员学习了,0
68,coverb,coverb_with,周佳替这个出纳员治疗了郭美美的法语老师,1
69,coverb,coverb_with,周佳到这个出纳员治疗了郭美美的法语老师,0
70,coverb,coverb_with,戴楚楚和路德教会读了,1
71,coverb,coverb_with,戴楚楚拿路德教会读了,0
72,coverb,coverb_with,罗西与高晗隐瞒了有个家伙,1
73,coverb,coverb_with,罗西朝高晗隐瞒了有个家伙,0
74,coverb,coverb_with,谭言为有些老师赢得了,1
75,coverb,coverb_with,谭言于有些老师赢得了,0
76,coverb,coverb_with,李丹丹给苏金燕游览了河流,1
77,coverb,coverb_with,李丹丹从苏金燕游览了河流,0
78,coverb,coverb_with,赵健杰为宋瑞芝调查了,1
79,coverb,coverb_with,赵健杰搭宋瑞芝调查了,0
80,coverb,coverb_with,聚光灯同王磊打动了陈红,1
81,coverb,coverb_with,聚光灯朝王磊打动了陈红,0
82,coverb,coverb_with,马冬梅为林惠验证了,1
83,coverb,coverb_with,马冬梅拿林惠验证了,0
84,coverb,coverb_with,刘旭敏与这个男服务员争论了张秀兰的儿子们,1
85,coverb,coverb_with,刘旭敏往这个男服务员争论了张秀兰的儿子们,0
86,coverb,coverb_with,张婷跟郑沁欣谈了洪燕平,1
87,coverb,coverb_with,张婷到郑沁欣谈了洪燕平,0
88,coverb,coverb_with,朱德玲为高晗研究了论文,1
89,coverb,coverb_with,朱德玲乘高晗研究了论文,0
90,coverb,coverb_with,这个人同这个医生批评了这个孩子们,1
91,coverb,coverb_with,这个人坐这个医生批评了这个孩子们,0
92,coverb,coverb_with,刘丽和这个女人爱了这个男孩的侄女,1
93,coverb,coverb_with,刘丽用这个女人爱了这个男孩的侄女,0
94,coverb,coverb_with,李哲为马良做饭了,1
95,coverb,coverb_with,李哲朝马良做饭了,0
96,coverb,coverb_with,宋瑞芝给王淑萍欣赏了徐黄,1
97,coverb,coverb_with,宋瑞芝朝王淑萍欣赏了徐黄,0
98,coverb,coverb_with,吴宇涛给朱德玲隐藏了,1
99,coverb,coverb_with,吴宇涛从朱德玲隐藏了,0
100,coverb,coverb_with,凌菲和韩娟解释一切了,1
101,coverb,coverb_with,凌菲在韩娟解释一切了,0
102,coverb,coverb_with,陈红与杨玲撒谎了,1
103,coverb,coverb_with,陈红由杨玲撒谎了,0
104,coverb,coverb_with,有个男人与严莉莉失败了赞美,1
105,coverb,coverb_with,有个男人坐严莉莉失败了赞美,0
106,coverb,coverb_with,叶梓为黄敏找了柴静,1
107,coverb,coverb_with,叶梓朝黄敏找了柴静,0
108,coverb,coverb_with,张芃芃跟郑沁欣厌恶了这些校友,1
109,coverb,coverb_with,张芃芃于郑沁欣厌恶了这些校友,0
110,coverb,coverb_with,孙文同张敏秀造访了小山,1
111,coverb,coverb_with,孙文朝张敏秀造访了小山,0
112,coverb,coverb_with,李思彤跟朱德玲冲突了,1
113,coverb,coverb_with,李思彤坐朱德玲冲突了,0
114,coverb,coverb_with,赵健杰替温斯顿·丘吉尔回复了,1
115,coverb,coverb_with,赵健杰于温斯顿·丘吉尔回复了,0
116,coverb,coverb_with,这个老师为李翔参考了那些顾客,1
117,coverb,coverb_with,这个老师乘李翔参考了那些顾客,0
118,coverb,coverb_with,沈佳宜同高志民辩论了,1
119,coverb,coverb_with,沈佳宜向高志民辩论了,0
120,coverb,coverb_with,有些女孩和王梦命令了这些行人,1
121,coverb,coverb_with,有些女孩拿王梦命令了这些行人,0
122,coverb,coverb_with,张超为邹雪辰游览了绿洲,1
123,coverb,coverb_with,张超在邹雪辰游览了绿洲,0
124,coverb,coverb_with,李波跟有个女士离开了有个患者的儿子们,1
125,coverb,coverb_with,李波对有个女士离开了有个患者的儿子们,0
126,coverb,coverb_with,大门给许凯关闭了,1
127,coverb,coverb_with,大门于许凯关闭了,0
128,coverb,coverb_with,贾栋和有个男服务员捐赠了,1
129,coverb,coverb_with,贾栋到有个男服务员捐赠了,0
130,coverb,coverb_with,孔薇同高屹森去钓鱼了,1
131,coverb,coverb_with,孔薇拿高屹森去钓鱼了,0
132,coverb,coverb_with,李翔为王秀英哭了,1
133,coverb,coverb_with,李翔乘王秀英哭了,0
134,coverb,coverb_with,詹静芳跟钱伯谦宣布了,1
135,coverb,coverb_with,詹静芳朝钱伯谦宣布了,0
136,coverb,coverb_with,丁雅静为张兴研究了这些儿童的兄弟,1
137,coverb,coverb_with,丁雅静于张兴研究了这些儿童的兄弟,0
138,coverb,coverb_with,何冰冰替张婷描述了图书馆,1
139,coverb,coverb_with,何冰冰往张婷描述了图书馆,0
140,coverb,coverb_with,唐月和赵乾检查了毛妍纯的祖母,1
141,coverb,coverb_with,唐月拿赵乾检查了毛妍纯的祖母,0
142,coverb,coverb_with,罗西替刘志强隐瞒了梯子,1
143,coverb,coverb_with,罗西向刘志强隐瞒了梯子,0
144,coverb,coverb_with,这些女士替这个舞蹈家撒谎了,1
145,coverb,coverb_with,这些女士在这个舞蹈家撒谎了,0
146,coverb,coverb_with,张红梅与徐黄唱了,1
147,coverb,coverb_with,张红梅朝徐黄唱了,0
148,coverb,coverb_with,王秀英替杜嘉怡攻击了这些男人,1
149,coverb,coverb_with,王秀英向杜嘉怡攻击了这些男人,0
150,coverb,coverb_with,孙领跟陈子涵培养了,1
151,coverb,coverb_with,孙领拿陈子涵培养了,0
152,coverb,coverb_with,李思彤跟莫奈离开了周通,1
153,coverb,coverb_with,李思彤冲莫奈离开了周通,0
154,coverb,coverb_with,杨芳和薛雯忘记了,1
155,coverb,coverb_with,杨芳从薛雯忘记了,0
156,coverb,coverb_with,高宁与张超离开了,1
157,coverb,coverb_with,高宁从张超离开了,0
158,coverb,coverb_with,这些男演员替王靖瑶打破了牙齿,1
159,coverb,coverb_with,这些男演员到王靖瑶打破了牙齿,0
160,coverb,coverb_with,叶梓和卢诗韵记得了,1
161,coverb,coverb_with,叶梓朝卢诗韵记得了,0
162,coverb,coverb_with,柴静给那些行人捐赠了,1
163,coverb,coverb_with,柴静坐那些行人捐赠了,0
164,coverb,coverb_with,那个学生替张敏敏举了大衣,1
165,coverb,coverb_with,那个学生冲张敏敏举了大衣,0
166,coverb,coverb_with,高婷婷给刘颖培养了,1
167,coverb,coverb_with,高婷婷搭刘颖培养了,0
168,coverb,coverb_with,丁雅静跟许凯预料了,1
169,coverb,coverb_with,丁雅静搭许凯预料了,0
170,coverb,coverb_with,杨芳同陈红举了版画,1
171,coverb,coverb_with,杨芳在陈红举了版画,0
172,coverb,coverb_with,王玉珍替刘景睿吻了齐燕,1
173,coverb,coverb_with,王玉珍到刘景睿吻了齐燕,0
174,coverb,coverb_with,秦可岚与有些男服务员哭了,1
175,coverb,coverb_with,秦可岚在有些男服务员哭了,0
176,coverb,coverb_with,秦凯和李语嫣开玩笑了,1
177,coverb,coverb_with,秦凯对李语嫣开玩笑了,0
178,coverb,coverb_with,眼睛替那个男孩猛地打开了,1
179,coverb,coverb_with,眼睛对那个男孩猛地打开了,0
180,coverb,coverb_with,这个顾客替王秀英洗了手套,1
181,coverb,coverb_with,这个顾客搭王秀英洗了手套,0
182,coverb,coverb_with,李桐和周敏娜恨了刘桂珍,1
183,coverb,coverb_with,李桐从周敏娜恨了刘桂珍,0
184,coverb,coverb_with,王金凤和韩娟竞争了,1
185,coverb,coverb_with,王金凤朝韩娟竞争了,0
186,coverb,coverb_with,李天月替李桐验证了,1
187,coverb,coverb_with,李天月在李桐验证了,0
188,coverb,coverb_with,王润东给李小红致敬了,1
189,coverb,coverb_with,王润东朝李小红致敬了,0
190,coverb,coverb_with,这些青少年给刘聪聪记住了韩娟,1
191,coverb,coverb_with,这些青少年于刘聪聪记住了韩娟,0
192,coverb,coverb_with,高屹森和张晓峰叨扰了那个出纳员,1
193,coverb,coverb_with,高屹森用张晓峰叨扰了那个出纳员,0
194,coverb,coverb_with,高宁跟金鹏接近了梁楠,1
195,coverb,coverb_with,高宁对金鹏接近了梁楠,0
196,coverb,coverb_with,王淑萍跟赵梦婷记得了,1
197,coverb,coverb_with,王淑萍用赵梦婷记得了,0
198,coverb,coverb_with,戴楚楚同有个舞蹈家举了苹果派,1
199,coverb,coverb_with,戴楚楚冲有个舞蹈家举了苹果派,0
200,coverb,coverb_with,刘超跟这些男孩画画了,1
201,coverb,coverb_with,刘超搭这些男孩画画了,0
202,coverb,coverb_with,报告同赵文达不同意了,1
203,coverb,coverb_with,报告对赵文达不同意了,0
204,coverb,coverb_with,衣柜为卞紫薇关了,1
205,coverb,coverb_with,衣柜于卞紫薇关了,0
206,coverb,coverb_with,张永祥为蔡昊洗了袜子,1
207,coverb,coverb_with,张永祥往蔡昊洗了袜子,0
208,coverb,coverb_with,唐月替梅丽管理了刺,1
209,coverb,coverb_with,唐月在梅丽管理了刺,0
210,coverb,coverb_with,李桐为张涛报复了,1
211,coverb,coverb_with,李桐于张涛报复了,0
212,coverb,coverb_with,刘桂珍替那些青少年抱怨了有个医生的学员,1
213,coverb,coverb_with,刘桂珍从那些青少年抱怨了有个医生的学员,0
214,coverb,coverb_with,陈俊与汪乐知赞美了林棋的展出,1
215,coverb,coverb_with,陈俊到汪乐知赞美了林棋的展出,0
216,coverb,coverb_with,杨桂英替李丹丹捐赠了,1
217,coverb,coverb_with,杨桂英朝李丹丹捐赠了,0
218,coverb,coverb_with,林惠替郝良帅报复了,1
219,coverb,coverb_with,林惠于郝良帅报复了,0
220,coverb,coverb_with,石文静为黄子萱看了高屹森,1
221,coverb,coverb_with,石文静在黄子萱看了高屹森,0
222,coverb,coverb_with,张红梅同贾栋消失了,1
223,coverb,coverb_with,张红梅在贾栋消失了,0
224,coverb,coverb_with,张雨馨与李思彤玩了,1
225,coverb,coverb_with,张雨馨在李思彤玩了,0
226,coverb,coverb_with,孙一飞与叶凯琳打破了牙齿,1
227,coverb,coverb_with,孙一飞冲叶凯琳打破了牙齿,0
228,coverb,coverb_with,林惠为这些男演员撒谎了,1
229,coverb,coverb_with,林惠拿这些男演员撒谎了,0
230,coverb,coverb_with,刘雨欣和吕小莲考虑了放映机,1
231,coverb,coverb_with,刘雨欣朝吕小莲考虑了放映机,0
232,coverb,coverb_with,马娟和刘志强订购了那个女士的导师,1
233,coverb,coverb_with,马娟由刘志强订购了那个女士的导师,0
234,coverb,coverb_with,程丽莎替有个家伙帮助了郭佳茹的老板,1
235,coverb,coverb_with,程丽莎乘有个家伙帮助了郭佳茹的老板,0
236,coverb,coverb_with,刘超跟邹雪辰不喜欢了绿洲,1
237,coverb,coverb_with,刘超搭邹雪辰不喜欢了绿洲,0
238,coverb,coverb_with,吕小莲给这些司机证明了拥抱,1
239,coverb,coverb_with,吕小莲由这些司机证明了拥抱,0
240,coverb,coverb_with,李莫言为张敏敏表演了,1
241,coverb,coverb_with,李莫言对张敏敏表演了,0
242,coverb,coverb_with,张红梅给这个人揭示了自行车,1
243,coverb,coverb_with,张红梅在这个人揭示了自行车,0
244,coverb,coverb_with,谢梦梦给那些女士看了那些男孩,1
245,coverb,coverb_with,谢梦梦搭那些女士看了那些男孩,0
246,coverb,coverb_with,王芳替那个顾客帮助了金砚秋的足病医生,1
247,coverb,coverb_with,王芳搭那个顾客帮助了金砚秋的足病医生,0
248,coverb,coverb_with,这个家伙与杜嘉怡争论了张静,1
249,coverb,coverb_with,这个家伙冲杜嘉怡争论了张静,0
250,coverb,coverb_with,这些患者跟刘思源考虑了,1
251,coverb,coverb_with,这些患者向刘思源考虑了,0
252,coverb,coverb_with,赵健杰为崔兆亮扫描了论文,1
253,coverb,coverb_with,赵健杰向崔兆亮扫描了论文,0
254,coverb,coverb_with,委员会给张光毅组装了,1
255,coverb,coverb_with,委员会于张光毅组装了,0
256,coverb,coverb_with,孟杰为赵唱撒谎了,1
257,coverb,coverb_with,孟杰用赵唱撒谎了,0
258,coverb,coverb_with,施月替有些男服务员打破了窗口,1
259,coverb,coverb_with,施月乘有些男服务员打破了窗口,0
260,coverb,coverb_with,孟杰给张杰写了王泽爽的祖母,1
261,coverb,coverb_with,孟杰拿张杰写了王泽爽的祖母,0
262,coverb,coverb_with,董玉洁给黄子萱卖了衬衫,1
263,coverb,coverb_with,董玉洁冲黄子萱卖了衬衫,0
264,coverb,coverb_with,王金凤与张欣然喝了,1
265,coverb,coverb_with,王金凤用张欣然喝了,0
266,coverb,coverb_with,王刚与有个女人学习了,1
267,coverb,coverb_with,王刚冲有个女人学习了,0
268,coverb,coverb_with,杨波与吕小莲需要了,1
269,coverb,coverb_with,杨波搭吕小莲需要了,0
270,coverb,coverb_with,郑沁欣和许逸航狩猎了鱼,1
271,coverb,coverb_with,郑沁欣到许逸航狩猎了鱼,0
272,coverb,coverb_with,王敏为王伟打破了沙发,1
273,coverb,coverb_with,王敏对王伟打破了沙发,0
274,coverb,coverb_with,姚美杏同那个学生玩了,1
275,coverb,coverb_with,姚美杏由那个学生玩了,0
276,coverb,coverb_with,窗口同有些顾客吓了那些舞蹈家,1
277,coverb,coverb_with,窗口乘有些顾客吓了那些舞蹈家,0
278,coverb,coverb_with,杭美替姚美杏带了披肩,1
279,coverb,coverb_with,杭美向姚美杏带了披肩,0
280,coverb,coverb_with,刘桂珍同这个男孩失败了吻,1
281,coverb,coverb_with,刘桂珍从这个男孩失败了吻,0
282,coverb,coverb_with,张敏敏同舒婷隐瞒了这个女人的前妻,1
283,coverb,coverb_with,张敏敏用舒婷隐瞒了这个女人的前妻,0
284,coverb,coverb_with,吴宇涛与李桐忘记了,1
285,coverb,coverb_with,吴宇涛坐李桐忘记了,0
286,coverb,coverb_with,秦凯和吴美琳预测了,1
287,coverb,coverb_with,秦凯从吴美琳预测了,0
288,coverb,coverb_with,高婷婷与路德教会逃离了那个女演员,1
289,coverb,coverb_with,高婷婷朝路德教会逃离了那个女演员,0
290,coverb,coverb_with,刘丽跟李语嫣预料了,1
291,coverb,coverb_with,刘丽拿李语嫣预料了,0
292,coverb,coverb_with,王玉梅给那个女孩打破了飞机,1
293,coverb,coverb_with,王玉梅往那个女孩打破了飞机,0
294,coverb,coverb_with,王梦和有些女孩打动了王淑萍,1
295,coverb,coverb_with,王梦在有些女孩打动了王淑萍,0
296,coverb,coverb_with,王靖瑶给莫奈回复了,1
297,coverb,coverb_with,王靖瑶于莫奈回复了,0
298,coverb,coverb_with,许好和何冰冰忽略了想知道,1
299,coverb,coverb_with,许好搭何冰冰忽略了想知道,0
300,coverb,coverb_with,这些青少年和程丽莎遇到了,1
301,coverb,coverb_with,这些青少年到程丽莎遇到了,0
302,coverb,coverb_with,江洋替徐伟扫描了李波的侄女,1
303,coverb,coverb_with,江洋从徐伟扫描了李波的侄女,0
304,coverb,coverb_with,银行跟陈俊忽略了洗,1
305,coverb,coverb_with,银行由陈俊忽略了洗,0
306,coverb,coverb_with,孙一飞为张芃芃洗了围巾,1
307,coverb,coverb_with,孙一飞朝张芃芃洗了围巾,0
308,coverb,coverb_with,戴楚楚替张静卖了蛇,1
309,coverb,coverb_with,戴楚楚乘张静卖了蛇,0
310,coverb,coverb_with,有些男人和那些青少年打架了,1
311,coverb,coverb_with,有些男人由那些青少年打架了,0
312,coverb,coverb_with,沈辰与张丽华投降了,1
313,coverb,coverb_with,沈辰用张丽华投降了,0
314,coverb,coverb_with,有个男演员和张敏秀躲起来了,1
315,coverb,coverb_with,有个男演员于张敏秀躲起来了,0
316,coverb,coverb_with,舒婷和这个行人迷惑了于凯丽,1
317,coverb,coverb_with,舒婷用这个行人迷惑了于凯丽,0
318,coverb,coverb_with,崔思雨为这些学生回复了,1
319,coverb,coverb_with,崔思雨拿这些学生回复了,0
320,coverb,coverb_with,张涛给孙文打扫了购物中心,1
321,coverb,coverb_with,张涛朝孙文打扫了购物中心,0
322,coverb,coverb_with,这个女士同耶稣提出了往下爬,1
323,coverb,coverb_with,这个女士从耶稣提出了往下爬,0
324,coverb,coverb_with,投影机跟马萌出现了,1
325,coverb,coverb_with,投影机朝马萌出现了,0
326,coverb,coverb_with,投影机跟高志民尴尬了这个医生的伙伴,1
327,coverb,coverb_with,投影机乘高志民尴尬了这个医生的伙伴,0
328,coverb,coverb_with,赵诗涵同高宁谈论了,1
329,coverb,coverb_with,赵诗涵坐高宁谈论了,0
330,coverb,coverb_with,嘴和高屹森震惊了这个学生的女朋友,1
331,coverb,coverb_with,嘴拿高屹森震惊了这个学生的女朋友,0
332,coverb,coverb_with,仇一诺同孙龙弄清楚了,1
333,coverb,coverb_with,仇一诺从孙龙弄清楚了,0
334,coverb,coverb_with,那个出纳员为李语嫣洗了女士衬衫,1
335,coverb,coverb_with,那个出纳员于李语嫣洗了女士衬衫,0
336,coverb,coverb_with,马娟为那个学生考虑了,1
337,coverb,coverb_with,马娟对那个学生考虑了,0
338,coverb,coverb_with,记录片和有些老师不同意了,1
339,coverb,coverb_with,记录片到有些老师不同意了,0
340,coverb,coverb_with,米雪儿与谭言欢呼了,1
341,coverb,coverb_with,米雪儿由谭言欢呼了,0
342,coverb,coverb_with,李倩倩与许好发现了周佳,1
343,coverb,coverb_with,李倩倩冲许好发现了周佳,0
344,coverb,coverb_with,这个医生与舒婷喊了,1
345,coverb,coverb_with,这个医生朝舒婷喊了,0
346,coverb,coverb_with,刘振平与薛雯看了伽利略,1
347,coverb,coverb_with,刘振平拿薛雯看了伽利略,0
348,coverb,coverb_with,方永晴给严莉莉扫描了报告,1
349,coverb,coverb_with,方永晴于严莉莉扫描了报告,0
350,coverb,coverb_with,王芳和王伟买了王靖瑶的照片,1
351,coverb,coverb_with,王芳用王伟买了王靖瑶的照片,0
352,coverb,coverb_with,吴美琳同张涛买了李思佳的印刷品,1
353,coverb,coverb_with,吴美琳于张涛买了李思佳的印刷品,0
354,coverb,coverb_with,这个儿童为谢梦梦打扫了杂货店,1
355,coverb,coverb_with,这个儿童乘谢梦梦打扫了杂货店,0
356,coverb,coverb_with,郭瀚临跟徐洁迷惑了黄秀英,1
357,coverb,coverb_with,郭瀚临由徐洁迷惑了黄秀英,0
358,coverb,coverb_with,委员会与叶梓遇到了,1
359,coverb,coverb_with,委员会搭叶梓遇到了,0
360,coverb,coverb_with,陈桂兰替樊颖写了宣传册,1
361,coverb,coverb_with,陈桂兰于樊颖写了宣传册,0
362,coverb,coverb_with,李伟替有个人治疗了张秀兰,1
363,coverb,coverb_with,李伟冲有个人治疗了张秀兰,0
364,coverb,coverb_with,赵菁菁与郝良帅游览了购物中心,1
365,coverb,coverb_with,赵菁菁冲郝良帅游览了购物中心,0
366,coverb,coverb_with,刘晓哲跟黄子婷隐瞒了秦凯,1
367,coverb,coverb_with,刘晓哲从黄子婷隐瞒了秦凯,0
368,coverb,coverb_with,这个女人同这些学生买了椅子,1
369,coverb,coverb_with,这个女人在这些学生买了椅子,0
370,coverb,coverb_with,赵健杰替有些参议员检查了分析,1
371,coverb,coverb_with,赵健杰由有些参议员检查了分析,0
372,coverb,coverb_with,王芳给陈俊扫描了张沛然的传单,1
373,coverb,coverb_with,王芳乘陈俊扫描了张沛然的传单,0
374,coverb,coverb_with,李思佳给柴静洗了夹克,1
375,coverb,coverb_with,李思佳用柴静洗了夹克,0
376,coverb,coverb_with,高志民跟张红梅尝试了吹牛,1
377,coverb,coverb_with,高志民搭张红梅尝试了吹牛,0
378,coverb,coverb_with,高宁与这些出纳员打破了飞机,1
379,coverb,coverb_with,高宁坐这些出纳员打破了飞机,0
380,coverb,coverb_with,钱伯谦同张厚望争论了现在发生的事,1
381,coverb,coverb_with,钱伯谦搭张厚望争论了现在发生的事,0
382,coverb,coverb_with,严莉莉和王雅慧互动了,1
383,coverb,coverb_with,严莉莉在王雅慧互动了,0
384,coverb,coverb_with,谢梦梦与卢诗韵质疑了组织机构,1
385,coverb,coverb_with,谢梦梦冲卢诗韵质疑了组织机构,0
386,coverb,coverb_with,孙莹莹同刘霞宣布了,1
387,coverb,coverb_with,孙莹莹拿刘霞宣布了,0
388,coverb,coverb_with,杨桂英给刘霞扫描了孙文的前夫,1
389,coverb,coverb_with,杨桂英往刘霞扫描了孙文的前夫,0
390,coverb,coverb_with,嘴给李会召关闭了,1
391,coverb,coverb_with,嘴用李会召关闭了,0
392,coverb,coverb_with,盒子给周佳打开了,1
393,coverb,coverb_with,盒子拿周佳打开了,0
394,coverb,coverb_with,贾栋给刘振平回答了,1
395,coverb,coverb_with,贾栋往刘振平回答了,0
396,coverb,coverb_with,金鹏与张晓峰洗了短裙,1
397,coverb,coverb_with,金鹏到张晓峰洗了短裙,0
398,coverb,coverb_with,杨敏娟和李春梅吻了这些男演员,1
399,coverb,coverb_with,杨敏娟向李春梅吻了这些男演员,0
400,coverb,coverb_with,学校为杨颖帮助了那些男孩的学生们,1
401,coverb,coverb_with,学校从杨颖帮助了那些男孩的学生们,0
402,coverb,coverb_with,张永祥同杨铭解释一切了,1
403,coverb,coverb_with,张永祥从杨铭解释一切了,0
404,coverb,coverb_with,张静替张静隐藏了,1
405,coverb,coverb_with,张静由张静隐藏了,0
406,coverb,coverb_with,汪乐知为有个行人描述了有个女士的水管工,1
407,coverb,coverb_with,汪乐知朝有个行人描述了有个女士的水管工,0
408,coverb,coverb_with,贾雨静跟那个舞蹈家小声说了,1
409,coverb,coverb_with,贾雨静到那个舞蹈家小声说了,0
410,coverb,coverb_with,陈红替李莫言烘烤了,1
411,coverb,coverb_with,陈红坐李莫言烘烤了,0
412,coverb,coverb_with,金砚秋替王金凤调查了,1
413,coverb,coverb_with,金砚秋冲王金凤调查了,0
414,coverb,coverb_with,钱雨婷与印象派问了委员会,1
415,coverb,coverb_with,钱雨婷搭印象派问了委员会,0
416,coverb,coverb_with,赵菁菁替陈丽描述了戏剧,1
417,coverb,coverb_with,赵菁菁在陈丽描述了戏剧,0
418,coverb,coverb_with,柴静跟樊颖挣扎了,1
419,coverb,coverb_with,柴静到樊颖挣扎了,0
420,coverb,coverb_with,董怡为路德教会打破了敞篷车,1
421,coverb,coverb_with,董怡冲路德教会打破了敞篷车,0
422,coverb,coverb_with,徐黄替那个参议员考虑了张淑兰,1
423,coverb,coverb_with,徐黄乘那个参议员考虑了张淑兰,0
424,coverb,coverb_with,张杰给孙领洗了大衣,1
425,coverb,coverb_with,张杰冲孙领洗了大衣,0
426,coverb,coverb_with,魏新宇替高晗回复了,1
427,coverb,coverb_with,魏新宇由高晗回复了,0
428,coverb,coverb_with,许逸航替这些男人调查了刘雨欣,1
429,coverb,coverb_with,许逸航乘这些男人调查了刘雨欣,0
430,coverb,coverb_with,李天月跟程丽莎合作了,1
431,coverb,coverb_with,李天月搭程丽莎合作了,0
432,coverb,coverb_with,那个出纳员给郭佳茹解释一切了,1
433,coverb,coverb_with,那个出纳员拿郭佳茹解释一切了,0
434,coverb,coverb_with,马萌给万智芸培养了,1
435,coverb,coverb_with,马萌用万智芸培养了,0
436,coverb,coverb_with,王婷婷给王芳写了这个年轻人的学生们,1
437,coverb,coverb_with,王婷婷朝王芳写了这个年轻人的学生们,0
438,coverb,coverb_with,孙莹莹跟刘志强吓了米雪儿,1
439,coverb,coverb_with,孙莹莹搭刘志强吓了米雪儿,0
440,coverb,coverb_with,徐洁为杨铭验证了,1
441,coverb,coverb_with,徐洁向杨铭验证了,0
442,coverb,coverb_with,杨芳跟陈哲消失了,1
443,coverb,coverb_with,杨芳在陈哲消失了,0
444,coverb,coverb_with,叶凯琳跟李波欢呼了,1
445,coverb,coverb_with,叶凯琳向李波欢呼了,0
446,coverb,coverb_with,有个家伙和陈俊微笑了,1
447,coverb,coverb_with,有个家伙拿陈俊微笑了,0
448,coverb,coverb_with,那些女演员替有个行人考虑了,1
449,coverb,coverb_with,那些女演员冲有个行人考虑了,0
450,coverb,coverb_with,张永祥与沈辰关心了金鹏的前妻,1
451,coverb,coverb_with,张永祥于沈辰关心了金鹏的前妻,0
452,coverb,coverb_with,杨桂英同林泽轩探索了公园,1
453,coverb,coverb_with,杨桂英对林泽轩探索了公园,0
454,coverb,coverb_with,杨敏娟给毛毅打破了杯子,1
455,coverb,coverb_with,杨敏娟在毛毅打破了杯子,0
456,coverb,coverb_with,那些患者给刘雨欣画画了,1
457,coverb,coverb_with,那些患者到刘雨欣画画了,0
458,coverb,coverb_with,樊颖替刘桂兰欢呼了,1
459,coverb,coverb_with,樊颖冲刘桂兰欢呼了,0
460,coverb,coverb_with,李小红为这些人辩论了,1
461,coverb,coverb_with,李小红向这些人辩论了,0
462,coverb,coverb_with,高志民和夏雨琳谈了有些行人的孙子,1
463,coverb,coverb_with,高志民对夏雨琳谈了有些行人的孙子,0
464,coverb,coverb_with,贾栋同莫奈失败了抗议,1
465,coverb,coverb_with,贾栋往莫奈失败了抗议,0
466,coverb,coverb_with,这些人和金砚秋扫描了张厚望母亲,1
467,coverb,coverb_with,这些人在金砚秋扫描了张厚望母亲,0
468,coverb,coverb_with,许逸航为孙龙画画了,1
469,coverb,coverb_with,许逸航对孙龙画画了,0
470,coverb,coverb_with,王淑萍同程丽莎离开了孟杰,1
471,coverb,coverb_with,王淑萍朝程丽莎离开了孟杰,0
472,coverb,coverb_with,衣柜替赵文达打开了,1
473,coverb,coverb_with,衣柜坐赵文达打开了,0
474,coverb,coverb_with,王润东与李哲打动了马萌,1
475,coverb,coverb_with,王润东由李哲打动了马萌,0
476,coverb,coverb_with,董怡跟林惠欢呼了,1
477,coverb,coverb_with,董怡拿林惠欢呼了,0
478,coverb,coverb_with,崔思雨跟王润东同意了,1
479,coverb,coverb_with,崔思雨用王润东同意了,0
480,coverb,coverb_with,韩娟和杨玲躲起来了,1
481,coverb,coverb_with,韩娟从杨玲躲起来了,0
482,coverb,coverb_with,邹雪辰和韩娟离开了,1
483,coverb,coverb_with,邹雪辰用韩娟离开了,0
484,coverb,coverb_with,林泽轩与杨波撒谎了,1
485,coverb,coverb_with,林泽轩到杨波撒谎了,0
486,coverb,coverb_with,公司和杭美组装了,1
487,coverb,coverb_with,公司坐杭美组装了,0
488,coverb,coverb_with,庞华替王雅慧培养了,1
489,coverb,coverb_with,庞华朝王雅慧培养了,0
490,coverb,coverb_with,吕小莲替刘桂珍考虑了,1
491,coverb,coverb_with,吕小莲在刘桂珍考虑了,0
492,coverb,coverb_with,张兴替王秀梅解释一切了,1
493,coverb,coverb_with,张兴从王秀梅解释一切了,0
494,coverb,coverb_with,莫奈为周敏娜研究了万智芸的伴侣,1
495,coverb,coverb_with,莫奈对周敏娜研究了万智芸的伴侣,0
496,coverb,coverb_with,仇一诺同陈天瑜想像了那,1
497,coverb,coverb_with,仇一诺乘陈天瑜想像了那,0
498,coverb,coverb_with,施月跟张淑兰弄清楚了,1
499,coverb,coverb_with,施月从张淑兰弄清楚了,0
500,coverb,coverb_with,立法机关和毛妍纯组装了,1
501,coverb,coverb_with,立法机关向毛妍纯组装了,0
502,coverb,coverb_with,陈桂兰替有个男演员画画了,1
503,coverb,coverb_with,陈桂兰在有个男演员画画了,0
504,coverb,coverb_with,刘旭敏替刘霞游览了医院,1
505,coverb,coverb_with,刘旭敏乘刘霞游览了医院,0
506,coverb,coverb_with,组织机构跟那个出纳员互动了,1
507,coverb,coverb_with,组织机构冲那个出纳员互动了,0
508,coverb,coverb_with,李林跟杨铭致敬了,1
509,coverb,coverb_with,李林搭杨铭致敬了,0
510,coverb,coverb_with,吴宇涛跟胡艺珍做饭了,1
511,coverb,coverb_with,吴宇涛搭胡艺珍做饭了,0
512,coverb,coverb_with,贾栋同耶稣谈论了关彤彤,1
513,coverb,coverb_with,贾栋在耶稣谈论了关彤彤,0
514,coverb,coverb_with,王磊替叶梓考虑了,1
515,coverb,coverb_with,王磊冲叶梓考虑了,0
516,coverb,coverb_with,张琴为贾雨静打扫了大学校园,1
517,coverb,coverb_with,张琴由贾雨静打扫了大学校园,0
518,coverb,coverb_with,卢诗韵同韩梅梅探明了,1
519,coverb,coverb_with,卢诗韵朝韩梅梅探明了,0
520,coverb,coverb_with,这些医生同王敏隐瞒了刘桂兰的小册子,1
521,coverb,coverb_with,这些医生冲王敏隐瞒了刘桂兰的小册子,0
522,coverb,coverb_with,张婷同克林顿夫妇辩论了,1
523,coverb,coverb_with,张婷从克林顿夫妇辩论了,0
524,coverb,coverb_with,张雨馨为有些出纳员研究了学校,1
525,coverb,coverb_with,张雨馨对有些出纳员研究了学校,0
526,coverb,coverb_with,王泽爽为陈俊报复了,1
527,coverb,coverb_with,王泽爽坐陈俊报复了,0
528,coverb,coverb_with,黄敏替有个男演员考虑了,1
529,coverb,coverb_with,黄敏搭有个男演员考虑了,0
530,coverb,coverb_with,张雨馨替王鑫帮助了这些患者的老板,1
531,coverb,coverb_with,张雨馨用王鑫帮助了这些患者的老板,0
532,coverb,coverb_with,秦凯和印象派顺便拜访了电影院,1
533,coverb,coverb_with,秦凯搭印象派顺便拜访了电影院,0
534,coverb,coverb_with,许逸航给这个男演员解释一切了,1
535,coverb,coverb_with,许逸航乘这个男演员解释一切了,0
536,coverb,coverb_with,柴静与谢天天需要了捐赠,1
537,coverb,coverb_with,柴静往谢天天需要了捐赠,0
538,coverb,coverb_with,江洋替李春梅隐藏了刘桂兰,1
539,coverb,coverb_with,江洋用李春梅隐藏了刘桂兰,0
540,coverb,coverb_with,谢天天同王婷婷逃离了张伟,1
541,coverb,coverb_with,谢天天于王婷婷逃离了张伟,0
542,coverb,coverb_with,赵梦婷与王伟退出了饭店,1
543,coverb,coverb_with,赵梦婷向王伟退出了饭店,0
544,coverb,coverb_with,那个顾客和王慧委托了杨桂英的外甥,1
545,coverb,coverb_with,那个顾客对王慧委托了杨桂英的外甥,0
546,coverb,coverb_with,王淑萍同高宁合谋了,1
547,coverb,coverb_with,王淑萍用高宁合谋了,0
548,coverb,coverb_with,陈桂兰跟仇一诺相信了,1
549,coverb,coverb_with,陈桂兰搭仇一诺相信了,0
550,coverb,coverb_with,这些人与王雅慧记得了,1
551,coverb,coverb_with,这些人对王雅慧记得了,0
552,coverb,coverb_with,蔡文璐与王玉珍偏爱了,1
553,coverb,coverb_with,蔡文璐于王玉珍偏爱了,0
554,coverb,coverb_with,程丽莎与那些男服务员喝了,1
555,coverb,coverb_with,程丽莎对那些男服务员喝了,0
556,coverb,coverb_with,刘聪聪与有些顾客隐瞒了唐月,1
557,coverb,coverb_with,刘聪聪朝有些顾客隐瞒了唐月,0
558,coverb,coverb_with,严莉莉与孔薇考虑了,1
559,coverb,coverb_with,严莉莉用孔薇考虑了,0
560,coverb,coverb_with,门替张红梅关了,1
561,coverb,coverb_with,门乘张红梅关了,0
562,coverb,coverb_with,那些行人同杨颖走过了冰川,1
563,coverb,coverb_with,那些行人于杨颖走过了冰川,0
564,coverb,coverb_with,樊颖为博基亚家族举了连衣裙,1
565,coverb,coverb_with,樊颖对博基亚家族举了连衣裙,0
566,coverb,coverb_with,叶梓和张红梅欢呼了,1
567,coverb,coverb_with,叶梓于张红梅欢呼了,0
568,coverb,coverb_with,徐伟给那个男演员检查了有些男子的老师,1
569,coverb,coverb_with,徐伟由那个男演员检查了有些男子的老师,0
570,coverb,coverb_with,唐月跟李桐聊天了,1
571,coverb,coverb_with,唐月由李桐聊天了,0
572,coverb,coverb_with,刘晓哲与李伟挥手了,1
573,coverb,coverb_with,刘晓哲往李伟挥手了,0
574,coverb,coverb_with,李桐同许凯合作了陈天瑜,1
575,coverb,coverb_with,李桐于许凯合作了陈天瑜,0
576,coverb,coverb_with,于凯丽跟严莉莉练习了,1
577,coverb,coverb_with,于凯丽拿严莉莉练习了,0
578,coverb,coverb_with,王慧同韩梅梅画画了,1
579,coverb,coverb_with,王慧从韩梅梅画画了,0
580,coverb,coverb_with,梁楠和林棋开车去了冰川,1
581,coverb,coverb_with,梁楠对林棋开车去了冰川,0
582,coverb,coverb_with,米雪儿为有些女士带了棒冰,1
583,coverb,coverb_with,米雪儿用有些女士带了棒冰,0
584,coverb,coverb_with,郭瀚临为那些客人解释了那,1
585,coverb,coverb_with,郭瀚临坐那些客人解释了那,0
586,coverb,coverb_with,银行和谢梦梦打算了说服,1
587,coverb,coverb_with,银行于谢梦梦打算了说服,0
588,coverb,coverb_with,关彤彤为包曼玉隐瞒了刘旭敏,1
589,coverb,coverb_with,关彤彤在包曼玉隐瞒了刘旭敏,0
590,coverb,coverb_with,江洋为庞华打破了屏幕,1
591,coverb,coverb_with,江洋乘庞华打破了屏幕,0
592,coverb,coverb_with,张伟与崔兆亮修理了脚,1
593,coverb,coverb_with,张伟朝崔兆亮修理了脚,0
594,coverb,coverb_with,黄敏替何汉批评了概要,1
595,coverb,coverb_with,黄敏用何汉批评了概要,0
596,coverb,coverb_with,李桐为孙一飞研究了有个男服务员的妻子,1
597,coverb,coverb_with,李桐向孙一飞研究了有个男服务员的妻子,0
598,coverb,coverb_with,周一博为李思彤打破了飞机,1
599,coverb,coverb_with,周一博向李思彤打破了飞机,0
600,coverb,coverb_with,组织机构为张杰解释一切了,1
601,coverb,coverb_with,组织机构在张杰解释一切了,0
602,coverb,coverb_with,马可跟李思佳委托了詹静芳,1
603,coverb,coverb_with,马可向李思佳委托了詹静芳,0
604,coverb,coverb_with,郑沁欣和包曼玉观察了李春梅,1
605,coverb,coverb_with,郑沁欣冲包曼玉观察了李春梅,0
606,coverb,coverb_with,披肩和崔兆亮吓了这些女服务员,1
607,coverb,coverb_with,披肩坐崔兆亮吓了这些女服务员,0
608,coverb,coverb_with,梅丽给王芳买了汽车,1
609,coverb,coverb_with,梅丽冲王芳买了汽车,0
610,coverb,coverb_with,苏金燕跟张静需要了,1
611,coverb,coverb_with,苏金燕拿张静需要了,0
612,coverb,coverb_with,刘桂珍给有个男演员找了,1
613,coverb,coverb_with,刘桂珍朝有个男演员找了,0
614,coverb,coverb_with,王伟和那个男服务员打动了毛毅,1
615,coverb,coverb_with,王伟坐那个男服务员打动了毛毅,0
616,coverb,coverb_with,李会召给蔡昊画画了,1
617,coverb,coverb_with,李会召于蔡昊画画了,0
618,coverb,coverb_with,牛扒跟凌菲迷惑了毛妍纯,1
619,coverb,coverb_with,牛扒从凌菲迷惑了毛妍纯,0
620,coverb,coverb_with,包曼玉与张超撒谎了,1
621,coverb,coverb_with,包曼玉用张超撒谎了,0
622,coverb,coverb_with,博物馆给沈辰组装了,1
623,coverb,coverb_with,博物馆向沈辰组装了,0
624,coverb,coverb_with,包曼玉和这些医生研究了宣传册,1
625,coverb,coverb_with,包曼玉搭这些医生研究了宣传册,0
626,coverb,coverb_with,于凯丽和丁燕宁吃了,1
627,coverb,coverb_with,于凯丽于丁燕宁吃了,0
628,coverb,coverb_with,马冬梅与王梦忘记了,1
629,coverb,coverb_with,马冬梅到王梦忘记了,0
630,coverb,coverb_with,米雪儿同张光毅出现了,1
631,coverb,coverb_with,米雪儿从张光毅出现了,0
632,coverb,coverb_with,张静为张淑兰解释一切了,1
633,coverb,coverb_with,张静乘张淑兰解释一切了,0
634,coverb,coverb_with,蔡昊给那些女孩培养了,1
635,coverb,coverb_with,蔡昊拿那些女孩培养了,0
636,coverb,coverb_with,谭言给张芃芃描述了有些儿童的老师,1
637,coverb,coverb_with,谭言由张芃芃描述了有些儿童的老师,0
638,coverb,coverb_with,杨桂英和严莉莉恨了许凯的母亲们,1
639,coverb,coverb_with,杨桂英拿严莉莉恨了许凯的母亲们,0
640,coverb,coverb_with,周一博替马娟治疗了张静,1
641,coverb,coverb_with,周一博往马娟治疗了张静,0
642,coverb,coverb_with,陈桂兰为这些顾客辩论了,1
643,coverb,coverb_with,陈桂兰于这些顾客辩论了,0
644,coverb,coverb_with,高晗同刘景睿欣赏了魏新宇,1
645,coverb,coverb_with,高晗从刘景睿欣赏了魏新宇,0
646,coverb,coverb_with,王芳为王月描述了赵诗涵的导师,1
647,coverb,coverb_with,王芳乘王月描述了赵诗涵的导师,0
648,coverb,coverb_with,柴静给那些老师调查了朱德玲的孙子,1
649,coverb,coverb_with,柴静向那些老师调查了朱德玲的孙子,0
650,coverb,coverb_with,王伟同张欣然提出了修理,1
651,coverb,coverb_with,王伟向张欣然提出了修理,0
652,coverb,coverb_with,韩娟跟韩娟烦扰了王淑珍的孙女,1
653,coverb,coverb_with,韩娟到韩娟烦扰了王淑珍的孙女,0
654,coverb,coverb_with,记录片与黄秀英不同意了,1
655,coverb,coverb_with,记录片拿黄秀英不同意了,0
656,coverb,coverb_with,宋兆旭和刘霞判断了,1
657,coverb,coverb_with,宋兆旭搭刘霞判断了,0
658,coverb,coverb_with,杨敏娟和张婷抱怨了,1
659,coverb,coverb_with,杨敏娟用张婷抱怨了,0
660,coverb,coverb_with,李思彤给郝良帅画画了,1
661,coverb,coverb_with,李思彤坐郝良帅画画了,0
662,coverb,coverb_with,张永祥与张淑兰管理了找工作,1
663,coverb,coverb_with,张永祥搭张淑兰管理了找工作,0
664,coverb,coverb_with,政府与陈子涵回答了,1
665,coverb,coverb_with,政府对陈子涵回答了,0
666,coverb,coverb_with,刘景睿为庞华清洗了鞋子,1
667,coverb,coverb_with,刘景睿对庞华清洗了鞋子,0
668,coverb,coverb_with,卞紫薇为这个儿童隐瞒了刘桂珍的前妻,1
669,coverb,coverb_with,卞紫薇搭这个儿童隐瞒了刘桂珍的前妻,0
670,coverb,coverb_with,这些男服务员同刁晨曦欢呼了,1
671,coverb,coverb_with,这些男服务员向刁晨曦欢呼了,0
672,coverb,coverb_with,王筱雅替徐黄报复了,1
673,coverb,coverb_with,王筱雅冲徐黄报复了,0
674,coverb,coverb_with,王鑫和王芳打破了椅子,1
675,coverb,coverb_with,王鑫由王芳打破了椅子,0
676,coverb,coverb_with,王梦和林棋考虑了汽车,1
677,coverb,coverb_with,王梦向林棋考虑了汽车,0
678,coverb,coverb_with,吕小莲同戴楚楚欣赏了刘晓哲,1
679,coverb,coverb_with,吕小莲从戴楚楚欣赏了刘晓哲,0
680,coverb,coverb_with,柴静与这个男人观察了有个后代,1
681,coverb,coverb_with,柴静于这个男人观察了有个后代,0
682,coverb,coverb_with,崔思雨同胡艺珍消失了,1
683,coverb,coverb_with,崔思雨拿胡艺珍消失了,0
684,coverb,coverb_with,杨波和杨玲吃了,1
685,coverb,coverb_with,杨波搭杨玲吃了,0
686,coverb,coverb_with,唐月替薛雯找了,1
687,coverb,coverb_with,唐月往薛雯找了,0
688,coverb,coverb_with,郭瀚临同这些家伙返回了杨铭,1
689,coverb,coverb_with,郭瀚临在这些家伙返回了杨铭,0
690,coverb,coverb_with,陈红为贾栋参考了汪乐知,1
691,coverb,coverb_with,陈红搭贾栋参考了汪乐知,0
692,coverb,coverb_with,周佳给戴楚楚隐藏了,1
693,coverb,coverb_with,周佳于戴楚楚隐藏了,0
694,coverb,coverb_with,文献和李文清震惊了刘景睿,1
695,coverb,coverb_with,文献搭李文清震惊了刘景睿,0
696,coverb,coverb_with,梁毅同邹雪辰帮助了许好,1
697,coverb,coverb_with,梁毅搭邹雪辰帮助了许好,0
698,coverb,coverb_with,高晗为郭美美清洗了照片,1
699,coverb,coverb_with,高晗乘郭美美清洗了照片,0
700,coverb,coverb_with,刘晓哲同陈天瑜攻击了叶梓,1
701,coverb,coverb_with,刘晓哲坐陈天瑜攻击了叶梓,0
702,coverb,coverb_with,朱晓阳同梅丽写了王刚的孙子,1
703,coverb,coverb_with,朱晓阳朝梅丽写了王刚的孙子,0
704,coverb,coverb_with,耶稣跟陈志同洗了连衣裙,1
705,coverb,coverb_with,耶稣乘陈志同洗了连衣裙,0
706,coverb,coverb_with,谈欣替有些女服务员洗了连衣裙,1
707,coverb,coverb_with,谈欣冲有些女服务员洗了连衣裙,0
708,coverb,coverb_with,孙一飞为有些学生检查了李林的伙伴,1
709,coverb,coverb_with,孙一飞搭有些学生检查了李林的伙伴,0
710,coverb,coverb_with,刘景睿替那些家伙批评了张厚望,1
711,coverb,coverb_with,刘景睿乘那些家伙批评了张厚望,0
712,coverb,coverb_with,王玉珍与夏雨琳小声说了,1
713,coverb,coverb_with,王玉珍对夏雨琳小声说了,0
714,coverb,coverb_with,毛妍纯给谈欣烘烤了,1
715,coverb,coverb_with,毛妍纯在谈欣烘烤了,0
716,coverb,coverb_with,张伟和陈天瑜打破了推车,1
717,coverb,coverb_with,张伟搭陈天瑜打破了推车,0
718,coverb,coverb_with,王金凤和赵乾希望了发现,1
719,coverb,coverb_with,王金凤冲赵乾希望了发现,0
720,coverb,coverb_with,李翔替李林带了馅饼,1
721,coverb,coverb_with,李翔乘李林带了馅饼,0
722,coverb,coverb_with,胡艺珍与王子豪走过了杂货店,1
723,coverb,coverb_with,胡艺珍对王子豪走过了杂货店,0
724,coverb,coverb_with,这些老师和金鹏隐藏了,1
725,coverb,coverb_with,这些老师用金鹏隐藏了,0
726,coverb,coverb_with,李哲和这些家伙打架了,1
727,coverb,coverb_with,李哲由这些家伙打架了,0
728,coverb,coverb_with,陈俊跟刘振平质疑了刘旭敏,1
729,coverb,coverb_with,陈俊搭刘振平质疑了刘旭敏,0
730,coverb,coverb_with,李哲替周慧敏描述了卞紫薇的展出,1
731,coverb,coverb_with,李哲由周慧敏描述了卞紫薇的展出,0
732,coverb,coverb_with,那些男演员为徐洁打扫了玻璃,1
733,coverb,coverb_with,那些男演员用徐洁打扫了玻璃,0
734,coverb,coverb_with,高志民和詹静芳打破了花瓶,1
735,coverb,coverb_with,高志民用詹静芳打破了花瓶,0
736,coverb,coverb_with,黄子萱给克林顿夫妇打扫了脚,1
737,coverb,coverb_with,黄子萱对克林顿夫妇打扫了脚,0
738,coverb,coverb_with,有个司机替吴美琳烘烤了,1
739,coverb,coverb_with,有个司机冲吴美琳烘烤了,0
740,coverb,coverb_with,刘丽替沈辰举了地毯,1
741,coverb,coverb_with,刘丽搭沈辰举了地毯,0
742,coverb,coverb_with,那个人同杭美回答了,1
743,coverb,coverb_with,那个人向杭美回答了,0
744,coverb,coverb_with,孙莹莹给那些女孩隐藏了谈欣,1
745,coverb,coverb_with,孙莹莹朝那些女孩隐藏了谈欣,0
746,coverb,coverb_with,李思彤同丁燕宁打架了,1
747,coverb,coverb_with,李思彤在丁燕宁打架了,0
748,coverb,coverb_with,那些客人为江洋隐藏了,1
749,coverb,coverb_with,那些客人对江洋隐藏了,0
750,coverb,coverb_with,张杰与张丽华调查了徐洁,1
751,coverb,coverb_with,张杰用张丽华调查了徐洁,0
752,coverb,coverb_with,李伟给周佳参考了刘霞,1
753,coverb,coverb_with,李伟乘周佳参考了刘霞,0
754,coverb,coverb_with,赵梦婷替有些家伙做饭了,1
755,coverb,coverb_with,赵梦婷搭有些家伙做饭了,0
756,coverb,coverb_with,马良跟这个女孩相信了,1
757,coverb,coverb_with,马良坐这个女孩相信了,0
758,coverb,coverb_with,盒子给夏雨琳关闭了,1
759,coverb,coverb_with,盒子朝夏雨琳关闭了,0
760,coverb,coverb_with,钱伯谦替周敏娜报复了,1
761,coverb,coverb_with,钱伯谦用周敏娜报复了,0
762,coverb,coverb_with,冰淇淋和刘景睿厌恶了詹静芳,1
763,coverb,coverb_with,冰淇淋在刘景睿厌恶了詹静芳,0
764,coverb,coverb_with,张心仪同有个患者顺便拜访了电影院,1
765,coverb,coverb_with,张心仪往有个患者顺便拜访了电影院,0
766,coverb,coverb_with,徐黄与赵诗涵打破了视窗,1
767,coverb,coverb_with,徐黄往赵诗涵打破了视窗,0
768,coverb,coverb_with,秦凯给朱德玲拿了盘子,1
769,coverb,coverb_with,秦凯乘朱德玲拿了盘子,0
770,coverb,coverb_with,王皓为林棋拿了坡,1
771,coverb,coverb_with,王皓往林棋拿了坡,0
772,coverb,coverb_with,灯与李林出现了,1
773,coverb,coverb_with,灯于李林出现了,0
774,coverb,coverb_with,詹静芳跟这个老师合作了陈天瑜,1
775,coverb,coverb_with,詹静芳乘这个老师合作了陈天瑜,0
776,coverb,coverb_with,王鑫与杨铭偏爱了,1
777,coverb,coverb_with,王鑫冲杨铭偏爱了,0
778,coverb,coverb_with,刘雨欣跟王秀梅逃离了图书馆,1
779,coverb,coverb_with,刘雨欣于王秀梅逃离了图书馆,0
780,coverb,coverb_with,王磊与杭美预测了,1
781,coverb,coverb_with,王磊到杭美预测了,0
782,coverb,coverb_with,梅丽给沈佳宜洗了披肩,1
783,coverb,coverb_with,梅丽用沈佳宜洗了披肩,0
784,coverb,coverb_with,张芃芃与那个出纳员画画了,1
785,coverb,coverb_with,张芃芃由那个出纳员画画了,0
786,coverb,coverb_with,叶凯琳替陈哲检查了杜嘉怡的展出,1
787,coverb,coverb_with,叶凯琳在陈哲检查了杜嘉怡的展出,0
788,coverb,coverb_with,香菜与张超震惊了博物馆,1
789,coverb,coverb_with,香菜对张超震惊了博物馆,0
790,coverb,coverb_with,蔡昊替李淑华洗了衬衫,1
791,coverb,coverb_with,蔡昊从李淑华洗了衬衫,0
792,coverb,coverb_with,沈辰替朱晓阳考虑了,1
793,coverb,coverb_with,沈辰朝朱晓阳考虑了,0
794,coverb,coverb_with,敞篷车与李翔消失了,1
795,coverb,coverb_with,敞篷车拿李翔消失了,0
796,coverb,coverb_with,林棋与施月关心了卢诗韵,1
797,coverb,coverb_with,林棋由施月关心了卢诗韵,0
798,coverb,coverb_with,魏新宇同丁雅静顺便拜访了咖啡店,1
799,coverb,coverb_with,魏新宇向丁雅静顺便拜访了咖啡店,0
800,coverb,coverb_with,张永祥与马冬梅相信了,1
801,coverb,coverb_with,张永祥往马冬梅相信了,0
802,coverb,coverb_with,谈欣为有些患者打破了牙齿,1
803,coverb,coverb_with,谈欣于有些患者打破了牙齿,0
804,coverb,coverb_with,组织机构和李淑华组装了,1
805,coverb,coverb_with,组织机构向李淑华组装了,0
806,coverb,coverb_with,卜泽伟替那些男演员调查了伽利略,1
807,coverb,coverb_with,卜泽伟由那些男演员调查了伽利略,0
808,coverb,coverb_with,宋兆旭给伽利略伤害了贾栋,1
809,coverb,coverb_with,宋兆旭冲伽利略伤害了贾栋,0
810,coverb,coverb_with,米雪儿替杨铭考虑了,1
811,coverb,coverb_with,米雪儿朝杨铭考虑了,0
812,coverb,coverb_with,何冰冰跟贾雨静判断了,1
813,coverb,coverb_with,何冰冰由贾雨静判断了,0
814,coverb,coverb_with,洪燕平同宋瑞芝卖了医院,1
815,coverb,coverb_with,洪燕平在宋瑞芝卖了医院,0
816,coverb,coverb_with,张丽华同戴楚楚投降了,1
817,coverb,coverb_with,张丽华用戴楚楚投降了,0
818,coverb,coverb_with,齐燕给王鑫回答了,1
819,coverb,coverb_with,齐燕由王鑫回答了,0
820,coverb,coverb_with,刘景睿与江洋离开了张欣然的前夫,1
821,coverb,coverb_with,刘景睿用江洋离开了张欣然的前夫,0
822,coverb,coverb_with,凌菲替王淑萍隐瞒了陈子涵,1
823,coverb,coverb_with,凌菲冲王淑萍隐瞒了陈子涵,0
824,coverb,coverb_with,陈红跟这些患者认为了那,1
825,coverb,coverb_with,陈红于这些患者认为了那,0
826,coverb,coverb_with,李会召和孙莹莹打架了,1
827,coverb,coverb_with,李会召到孙莹莹打架了,0
828,coverb,coverb_with,米雪儿与陈晶冲突了,1
829,coverb,coverb_with,米雪儿于陈晶冲突了,0
830,coverb,coverb_with,窗口为有个男人关了,1
831,coverb,coverb_with,窗口对有个男人关了,0
832,coverb,coverb_with,张欣然替那个客人管理了撒谎,1
833,coverb,coverb_with,张欣然搭那个客人管理了撒谎,0
834,coverb,coverb_with,有些女人跟叶梓消失了,1
835,coverb,coverb_with,有些女人由叶梓消失了,0
836,coverb,coverb_with,贾雨静替有个女服务员找了李小红的伴侣,1
837,coverb,coverb_with,贾雨静在有个女服务员找了李小红的伴侣,0
838,coverb,coverb_with,眼睛为王婷婷关闭了,1
839,coverb,coverb_with,眼睛拿王婷婷关闭了,0
840,coverb,coverb_with,蔡昊与有些参议员发生了调情,1
841,coverb,coverb_with,蔡昊往有些参议员发生了调情,0
842,coverb,coverb_with,陈红替刘志强买了松饼,1
843,coverb,coverb_with,陈红坐刘志强买了松饼,0
844,coverb,coverb_with,唐月同王金凤唱了,1
845,coverb,coverb_with,唐月冲王金凤唱了,0
846,coverb,coverb_with,这些儿童和赵梦婷需要了致敬,1
847,coverb,coverb_with,这些儿童往赵梦婷需要了致敬,0
848,coverb,coverb_with,叶梓与有个男演员竞争了,1
849,coverb,coverb_with,叶梓在有个男演员竞争了,0
850,coverb,coverb_with,书跟杨波不同意了方永晴,1
851,coverb,coverb_with,书拿杨波不同意了方永晴,0
852,coverb,coverb_with,许逸航给谈欣扫描了这个年轻人的孙子,1
853,coverb,coverb_with,许逸航于谈欣扫描了这个年轻人的孙子,0
854,coverb,coverb_with,王可馨给李文清烘烤了,1
855,coverb,coverb_with,王可馨用李文清烘烤了,0
856,coverb,coverb_with,李桐给吕小莲隐藏了叶凯琳,1
857,coverb,coverb_with,李桐搭吕小莲隐藏了叶凯琳,0
858,coverb,coverb_with,莫奈为有个女士考虑了这个儿童的水管工,1
859,coverb,coverb_with,莫奈对有个女士考虑了这个儿童的水管工,0
860,coverb,coverb_with,王月和李丹丹叫喊了,1
861,coverb,coverb_with,王月对李丹丹叫喊了,0
862,coverb,coverb_with,樊颖与这个女人记得了,1
863,coverb,coverb_with,樊颖对这个女人记得了,0
864,coverb,coverb_with,张晓峰给这个人卖了孟杰的报告,1
865,coverb,coverb_with,张晓峰冲这个人卖了孟杰的报告,0
866,coverb,coverb_with,徐洁同有个青少年妥协了,1
867,coverb,coverb_with,徐洁冲有个青少年妥协了,0
868,coverb,coverb_with,李文清替王萍隐瞒了王鑫,1
869,coverb,coverb_with,李文清乘王萍隐瞒了王鑫,0
870,coverb,coverb_with,高宁替谭言看了钱伯谦,1
871,coverb,coverb_with,高宁由谭言看了钱伯谦,0
872,coverb,coverb_with,徐洁同这个家伙读了,1
873,coverb,coverb_with,徐洁往这个家伙读了,0
874,coverb,coverb_with,杨波为郑沁欣调查了,1
875,coverb,coverb_with,杨波搭郑沁欣调查了,0
876,coverb,coverb_with,高婷婷和王金凤表演了,1
877,coverb,coverb_with,高婷婷坐王金凤表演了,0
878,coverb,coverb_with,孙领为李春梅卖了陈晶的图纸,1
879,coverb,coverb_with,孙领拿李春梅卖了陈晶的图纸,0
880,coverb,coverb_with,赵唱替李伟拿了鱼,1
881,coverb,coverb_with,赵唱由李伟拿了鱼,0
882,coverb,coverb_with,陈晶与李思彤消失了,1
883,coverb,coverb_with,陈晶向李思彤消失了,0
884,coverb,coverb_with,王雅慧同张伟做饭了,1
885,coverb,coverb_with,王雅慧搭张伟做饭了,0
886,coverb,coverb_with,张芃芃为叶凯琳回复了,1
887,coverb,coverb_with,张芃芃往叶凯琳回复了,0
888,coverb,coverb_with,李淑华为苏金燕辩论了,1
889,coverb,coverb_with,李淑华对苏金燕辩论了,0
890,coverb,coverb_with,王子豪同郭瀚临表演了,1
891,coverb,coverb_with,王子豪到郭瀚临表演了,0
892,coverb,coverb_with,这些女孩为王泽爽游览了小山,1
893,coverb,coverb_with,这些女孩从王泽爽游览了小山,0
894,coverb,coverb_with,姚美杏替王玉珍撒谎了,1
895,coverb,coverb_with,姚美杏向王玉珍撒谎了,0
896,coverb,coverb_with,李倩倩为有个家伙找了衬衫,1
897,coverb,coverb_with,李倩倩用有个家伙找了衬衫,0
898,coverb,coverb_with,包曼玉给吴美琳写了那个顾客的学员,1
899,coverb,coverb_with,包曼玉向吴美琳写了那个顾客的学员,0
900,coverb,coverb_with,陈哲跟于凯丽遇到了,1
901,coverb,coverb_with,陈哲朝于凯丽遇到了,0
902,coverb,coverb_with,仇一诺和马娟解释一切了,1
903,coverb,coverb_with,仇一诺乘马娟解释一切了,0
904,coverb,coverb_with,赵菁菁和陈晶失败了被开除,1
905,coverb,coverb_with,赵菁菁用陈晶失败了被开除,0
906,coverb,coverb_with,李伟给金鹏证明了按,1
907,coverb,coverb_with,李伟在金鹏证明了按,0
908,coverb,coverb_with,那些女士与那个行人考虑了有些儿童,1
909,coverb,coverb_with,那些女士乘那个行人考虑了有些儿童,0
910,coverb,coverb_with,王淑珍替毛毅证明了喃喃自语,1
911,coverb,coverb_with,王淑珍坐毛毅证明了喃喃自语,0
912,coverb,coverb_with,王泽爽为王敏解释了那,1
913,coverb,coverb_with,王泽爽用王敏解释了那,0
914,coverb,coverb_with,张静替孙龙隐藏了有个出纳员,1
915,coverb,coverb_with,张静搭孙龙隐藏了有个出纳员,0
916,coverb,coverb_with,谈欣和赵诗涵吃了,1
917,coverb,coverb_with,谈欣用赵诗涵吃了,0
918,coverb,coverb_with,王金凤和这个女孩到达了医院,1
919,coverb,coverb_with,王金凤向这个女孩到达了医院,0
920,coverb,coverb_with,衣柜给沈佳宜关了,1
921,coverb,coverb_with,衣柜乘沈佳宜关了,0
922,coverb,coverb_with,公司同宋兆旭买了椅子,1
923,coverb,coverb_with,公司冲宋兆旭买了椅子,0
924,coverb,coverb_with,杨玲同林棋讨论了金砚秋,1
925,coverb,coverb_with,杨玲于林棋讨论了金砚秋,0
926,coverb,coverb_with,谈欣为周一博隐瞒了吴宇涛的美发师,1
927,coverb,coverb_with,谈欣向周一博隐瞒了吴宇涛的美发师,0
928,coverb,coverb_with,汪乐知替有些女士表演了,1
929,coverb,coverb_with,汪乐知乘有些女士表演了,0
930,coverb,coverb_with,樊颖为李思佳调查了许好,1
931,coverb,coverb_with,樊颖从李思佳调查了许好,0
932,coverb,coverb_with,王伟同汪乐知接近了凌菲,1
933,coverb,coverb_with,王伟向汪乐知接近了凌菲,0
934,coverb,coverb_with,吕小莲同卢诗韵谈判了,1
935,coverb,coverb_with,吕小莲往卢诗韵谈判了,0
936,coverb,coverb_with,谢天天和陈志同喊了,1
937,coverb,coverb_with,谢天天搭陈志同喊了,0
938,coverb,coverb_with,王芳替凌菲赞美了林惠的母亲,1
939,coverb,coverb_with,王芳坐凌菲赞美了林惠的母亲,0
940,coverb,coverb_with,公司给王秀梅回答了,1
941,coverb,coverb_with,公司在王秀梅回答了,0
942,coverb,coverb_with,评论同董玉洁不同意了高晗,1
943,coverb,coverb_with,评论到董玉洁不同意了高晗,0
944,coverb,coverb_with,虞佳蓉给李哲辩论了,1
945,coverb,coverb_with,虞佳蓉从李哲辩论了,0
946,coverb,coverb_with,窗口替这些女人打开了,1
947,coverb,coverb_with,窗口冲这些女人打开了,0
948,coverb,coverb_with,有些家伙替张雨馨参考了许好,1
949,coverb,coverb_with,有些家伙由张雨馨参考了许好,0
950,coverb,coverb_with,黄子萱与谢天天喝了,1
951,coverb,coverb_with,黄子萱往谢天天喝了,0
952,coverb,coverb_with,赵诗涵为那个司机批评了艺术画廊,1
953,coverb,coverb_with,赵诗涵坐那个司机批评了艺术画廊,0
954,coverb,coverb_with,何汉为周慧敏调查了,1
955,coverb,coverb_with,何汉到周慧敏调查了,0
956,coverb,coverb_with,梁毅为孙龙解释一切了,1
957,coverb,coverb_with,梁毅到孙龙解释一切了,0
958,coverb,coverb_with,王敏同王可馨摆脱了王可馨,1
959,coverb,coverb_with,王敏向王可馨摆脱了王可馨,0
960,coverb,coverb_with,图书馆和关彤彤组装了,1
961,coverb,coverb_with,图书馆拿关彤彤组装了,0
962,coverb,coverb_with,刘旭敏跟杨颖吹牛了,1
963,coverb,coverb_with,刘旭敏由杨颖吹牛了,0
964,coverb,coverb_with,李伟为这个出纳员考虑了,1
965,coverb,coverb_with,李伟搭这个出纳员考虑了,0
966,coverb,coverb_with,金鹏与那些患者离开了,1
967,coverb,coverb_with,金鹏在那些患者离开了,0
968,coverb,coverb_with,何冰冰同那个女服务员打架了,1
969,coverb,coverb_with,何冰冰用那个女服务员打架了,0
970,coverb,coverb_with,黄子婷和张婷发现了披肩,1
971,coverb,coverb_with,黄子婷朝张婷发现了披肩,0
972,coverb,coverb_with,衣柜替卞紫薇打开了,1
973,coverb,coverb_with,衣柜从卞紫薇打开了,0
974,coverb,coverb_with,组织机构与何冰冰吓了温斯顿·丘吉尔,1
975,coverb,coverb_with,组织机构到何冰冰吓了温斯顿·丘吉尔,0
976,coverb,coverb_with,陈天瑜给董怡游览了杂货商店,1
977,coverb,coverb_with,陈天瑜乘董怡游览了杂货商店,0
978,coverb,coverb_with,刘晓哲与张秀兰扫描了王磊的法语老师,1
979,coverb,coverb_with,刘晓哲朝张秀兰扫描了王磊的法语老师,0
980,coverb,coverb_with,张晓峰给夏雨琳做饭了,1
981,coverb,coverb_with,张晓峰搭夏雨琳做饭了,0
982,coverb,coverb_with,刘颖跟孔薇争论了王刚,1
983,coverb,coverb_with,刘颖用孔薇争论了王刚,0
984,coverb,coverb_with,这些女人和马可开车去了大学校园,1
985,coverb,coverb_with,这些女人用马可开车去了大学校园,0
986,coverb,coverb_with,韩梅梅替郭佳茹打破了镜子,1
987,coverb,coverb_with,韩梅梅朝郭佳茹打破了镜子,0
988,coverb,coverb_with,孔薇和那些儿童吹牛了,1
989,coverb,coverb_with,孔薇由那些儿童吹牛了,0
990,coverb,coverb_with,贾雨静为李语嫣调查了,1
991,coverb,coverb_with,贾雨静用李语嫣调查了,0
992,coverb,coverb_with,李天月跟高志民烘烤了,1
993,coverb,coverb_with,李天月往高志民烘烤了,0
994,coverb,coverb_with,王皓跟张丽华合作了,1
995,coverb,coverb_with,王皓搭张丽华合作了,0
996,coverb,coverb_with,梁楠跟李会召画画了,1
997,coverb,coverb_with,梁楠朝李会召画画了,0
998,coverb,coverb_with,朱德玲跟高宁争论了,1
999,coverb,coverb_with,朱德玲于高宁争论了,0
1000,coverb,coverb_with,蔡昊同王泽爽扫描了于凯丽的传单,1
1001,coverb,coverb_with,蔡昊乘王泽爽扫描了于凯丽的传单,0
1002,coverb,coverb_with,戴楚楚跟王磊学习了,1
1003,coverb,coverb_with,戴楚楚乘王磊学习了,0
1004,coverb,coverb_with,杨玲跟这些家伙同意了,1
1005,coverb,coverb_with,杨玲冲这些家伙同意了,0
1006,coverb,coverb_with,赵菁菁跟蔡文璐记住了高婷婷,1
1007,coverb,coverb_with,赵菁菁朝蔡文璐记住了高婷婷,0
1008,coverb,coverb_with,赵梦婷同张兴打破了自行车,1
1009,coverb,coverb_with,赵梦婷到张兴打破了自行车,0
1010,coverb,coverb_with,秦可岚同高屹森同意了,1
1011,coverb,coverb_with,秦可岚往高屹森同意了,0
1012,coverb,coverb_with,张欣然同王刚读了,1
1013,coverb,coverb_with,张欣然用王刚读了,0
1014,coverb,coverb_with,王伟和那个男人卖了柴静的图纸,1
1015,coverb,coverb_with,王伟到那个男人卖了柴静的图纸,0
1016,coverb,coverb_with,毛衣与王磊出现了,1
1017,coverb,coverb_with,毛衣在王磊出现了,0
1018,coverb,coverb_with,赵文达跟这些患者退出了丘陵,1
1019,coverb,coverb_with,赵文达往这些患者退出了丘陵,0
1020,coverb,coverb_with,伽利略与孙领谈判了,1
1021,coverb,coverb_with,伽利略于孙领谈判了,0
1022,coverb,coverb_with,杨桂英同赵健杰判断了,1
1023,coverb,coverb_with,杨桂英坐赵健杰判断了,0
1024,coverb,coverb_with,西班牙和李会召组装了,1
1025,coverb,coverb_with,西班牙用李会召组装了,0
1026,coverb,coverb_with,那个人给有个患者伤害了杨波,1
1027,coverb,coverb_with,那个人往有个患者伤害了杨波,0
1028,coverb,coverb_with,王泽爽替邹雪辰撒谎了,1
1029,coverb,coverb_with,王泽爽往邹雪辰撒谎了,0
1030,coverb,coverb_with,张厚望与刘思源争论了,1
1031,coverb,coverb_with,张厚望乘刘思源争论了,0
1032,coverb,coverb_with,叶梓为韩梅梅带了台灯,1
1033,coverb,coverb_with,叶梓于韩梅梅带了台灯,0
1034,coverb,coverb_with,张晓峰替刘志强看了董玉洁,1
1035,coverb,coverb_with,张晓峰对刘志强看了董玉洁,0
1036,coverb,coverb_with,梅丽和许凯团聚了,1
1037,coverb,coverb_with,梅丽从许凯团聚了,0
1038,coverb,coverb_with,李悦跟王可馨批评了杨桂英,1
1039,coverb,coverb_with,李悦乘王可馨批评了杨桂英,0
1040,coverb,coverb_with,张伟和杜嘉怡打扫了短裙,1
1041,coverb,coverb_with,张伟到杜嘉怡打扫了短裙,0
1042,coverb,coverb_with,王刚给马萌授予了,1
1043,coverb,coverb_with,王刚在马萌授予了,0
1044,coverb,coverb_with,梁毅和舒婷向往了睡着,1
1045,coverb,coverb_with,梁毅由舒婷向往了睡着,0
1046,coverb,coverb_with,陈志同为王秀英隐瞒了高晗,1
1047,coverb,coverb_with,陈志同由王秀英隐瞒了高晗,0
1048,coverb,coverb_with,李桐给王萍游览了艺术画廊,1
1049,coverb,coverb_with,李桐往王萍游览了艺术画廊,0
1050,coverb,coverb_with,赵诗涵替董玉洁治疗了那些男服务员的前女友,1
1051,coverb,coverb_with,赵诗涵往董玉洁治疗了那些男服务员的前女友,0
1052,coverb,coverb_with,画画与印象派尴尬了梁楠,1
1053,coverb,coverb_with,画画拿印象派尴尬了梁楠,0
1054,coverb,coverb_with,刘桂珍替那个人考虑了,1
1055,coverb,coverb_with,刘桂珍向那个人考虑了,0
1056,coverb,coverb_with,眼睛给这些男人猛地打开了,1
1057,coverb,coverb_with,眼睛于这些男人猛地打开了,0
1058,coverb,coverb_with,宋兆旭跟王月离开了,1
1059,coverb,coverb_with,宋兆旭向王月离开了,0
1060,coverb,coverb_with,黄子婷给谢梦梦解释了那,1
1061,coverb,coverb_with,黄子婷从谢梦梦解释了那,0
1062,coverb,coverb_with,王淑萍为虞佳蓉解释一切了,1
1063,coverb,coverb_with,王淑萍向虞佳蓉解释一切了,0
1064,coverb,coverb_with,汪乐知和朱德玲迷惑了王婷婷,1
1065,coverb,coverb_with,汪乐知朝朱德玲迷惑了王婷婷,0
1066,coverb,coverb_with,有个女人为这个男服务员报复了,1
1067,coverb,coverb_with,有个女人到这个男服务员报复了,0
1068,coverb,coverb_with,高屹森与钱伯谦妥协了,1
1069,coverb,coverb_with,高屹森拿钱伯谦妥协了,0
1070,coverb,coverb_with,有个行人给这些女服务员解释了那,1
1071,coverb,coverb_with,有个行人坐这些女服务员解释了那,0
1072,coverb,coverb_with,林惠与孙龙开玩笑了,1
1073,coverb,coverb_with,林惠到孙龙开玩笑了,0
1074,coverb,coverb_with,张心仪给仇一诺捐赠了,1
1075,coverb,coverb_with,张心仪在仇一诺捐赠了,0
1076,coverb,coverb_with,李桐同那些患者同意了,1
1077,coverb,coverb_with,李桐用那些患者同意了,0
1078,coverb,coverb_with,吴美琳替张静辩论了,1
1079,coverb,coverb_with,吴美琳从张静辩论了,0
1080,coverb,coverb_with,那个司机跟贾栋委托了刘霞,1
1081,coverb,coverb_with,那个司机于贾栋委托了刘霞,0
1082,coverb,coverb_with,黄子婷与那些男孩希望了建议,1
1083,coverb,coverb_with,黄子婷坐那些男孩希望了建议,0
1084,coverb,coverb_with,郭瀚临为那个患者考虑了屏幕,1
1085,coverb,coverb_with,郭瀚临于那个患者考虑了屏幕,0
1086,coverb,coverb_with,周慧敏跟陈天瑜洗了披肩,1
1087,coverb,coverb_with,周慧敏向陈天瑜洗了披肩,0
1088,coverb,coverb_with,张芃芃同金砚秋争论了王雅慧,1
1089,coverb,coverb_with,张芃芃拿金砚秋争论了王雅慧,0
1090,coverb,coverb_with,崔兆亮与吴美琳讨论了报告,1
1091,coverb,coverb_with,崔兆亮冲吴美琳讨论了报告,0
1092,coverb,coverb_with,凌菲跟陈晶逃了,1
1093,coverb,coverb_with,凌菲搭陈晶逃了,0
1094,coverb,coverb_with,眼睛给崔兆亮关了,1
1095,coverb,coverb_with,眼睛从崔兆亮关了,0
1096,coverb,coverb_with,刘超与张静认为了那,1
1097,coverb,coverb_with,刘超乘张静认为了那,0
1098,coverb,coverb_with,温斯顿·丘吉尔和李丹丹讨论了张晓峰的孙子,1
1099,coverb,coverb_with,温斯顿·丘吉尔在李丹丹讨论了张晓峰的孙子,0
1100,coverb,coverb_with,李悦为杨玲回应了,1
1101,coverb,coverb_with,李悦冲杨玲回应了,0
1102,coverb,coverb_with,王筱雅给王淑萍打扫了短裙,1
1103,coverb,coverb_with,王筱雅从王淑萍打扫了短裙,0
1104,coverb,coverb_with,朱晓阳为那个舞蹈家举了卡车,1
1105,coverb,coverb_with,朱晓阳从那个舞蹈家举了卡车,0
1106,coverb,coverb_with,崔兆亮为万智芸解释一切了,1
1107,coverb,coverb_with,崔兆亮搭万智芸解释一切了,0
1108,coverb,coverb_with,戴楚楚为舒婷治疗了杨芳,1
1109,coverb,coverb_with,戴楚楚拿舒婷治疗了杨芳,0
1110,coverb,coverb_with,李春梅同那些司机探明了,1
1111,coverb,coverb_with,李春梅拿那些司机探明了,0
1112,coverb,coverb_with,温斯顿·丘吉尔同马娟想像了那,1
1113,coverb,coverb_with,温斯顿·丘吉尔朝马娟想像了那,0
1114,coverb,coverb_with,虞佳蓉同张厚望扫描了谭言的主管,1
1115,coverb,coverb_with,虞佳蓉用张厚望扫描了谭言的主管,0
1116,coverb,coverb_with,金砚秋替毛毅赞美了张伟,1
1117,coverb,coverb_with,金砚秋拿毛毅赞美了张伟,0
1118,coverb,coverb_with,张光毅跟王淑萍咯咯笑了,1
1119,coverb,coverb_with,张光毅于王淑萍咯咯笑了,0
1120,coverb,coverb_with,万智芸替李文清想了,1
1121,coverb,coverb_with,万智芸在李文清想了,0
1122,coverb,coverb_with,贾雨静与吕小莲震惊了这些年轻人的皮肤科医生,1
1123,coverb,coverb_with,贾雨静于吕小莲震惊了这些年轻人的皮肤科医生,0
1124,coverb,coverb_with,张敏敏为吴美琳证明了不喜欢,1
1125,coverb,coverb_with,张敏敏于吴美琳证明了不喜欢,0
1126,coverb,coverb_with,郑沁欣给孙一飞打破了碟子,1
1127,coverb,coverb_with,郑沁欣于孙一飞打破了碟子,0
1128,coverb,coverb_with,谈欣为周敏娜回答了,1
1129,coverb,coverb_with,谈欣从周敏娜回答了,0
1130,coverb,coverb_with,这些男孩为韩梅梅参考了蔡文璐,1
1131,coverb,coverb_with,这些男孩坐韩梅梅参考了蔡文璐,0
1132,coverb,coverb_with,徐洁与姚美杏到达了哈佛大学,1
1133,coverb,coverb_with,徐洁冲姚美杏到达了哈佛大学,0
1134,coverb,coverb_with,王磊给张丽华画画了,1
1135,coverb,coverb_with,王磊朝张丽华画画了,0
1136,coverb,coverb_with,公司和马可组装了,1
1137,coverb,coverb_with,公司从马可组装了,0
1138,coverb,coverb_with,张厚望和周敏娜抱怨了莫奈,1
1139,coverb,coverb_with,张厚望搭周敏娜抱怨了莫奈,0
1140,coverb,coverb_with,王靖瑶为刘桂兰描述了张静的孙子,1
1141,coverb,coverb_with,王靖瑶乘刘桂兰描述了张静的孙子,0
1142,coverb,coverb_with,李悦替虞佳蓉赞美了薛雯,1
1143,coverb,coverb_with,李悦搭虞佳蓉赞美了薛雯,0
1144,coverb,coverb_with,有个舞蹈家跟叶梓买了图书馆,1
1145,coverb,coverb_with,有个舞蹈家向叶梓买了图书馆,0
1146,coverb,coverb_with,这个男演员和有个参议员发生了失败,1
1147,coverb,coverb_with,这个男演员由有个参议员发生了失败,0
1148,coverb,coverb_with,郭瀚临给朱天一捐赠了,1
1149,coverb,coverb_with,郭瀚临坐朱天一捐赠了,0
1150,coverb,coverb_with,王超同虞佳蓉妥协了,1
1151,coverb,coverb_with,王超往虞佳蓉妥协了,0
1152,coverb,coverb_with,马萌和那些儿童抵制了郝良帅,1
1153,coverb,coverb_with,马萌乘那些儿童抵制了郝良帅,0
1154,coverb,coverb_with,郑沁欣为董玉洁报复了,1
1155,coverb,coverb_with,郑沁欣从董玉洁报复了,0
1156,coverb,coverb_with,张光毅给周敏娜带了图书馆,1
1157,coverb,coverb_with,张光毅冲周敏娜带了图书馆,0
1158,coverb,coverb_with,有个男人为金砚秋卖了松饼,1
1159,coverb,coverb_with,有个男人拿金砚秋卖了松饼,0
1160,coverb,coverb_with,李思佳替李莫言攻击了刘丽,1
1161,coverb,coverb_with,李思佳对李莫言攻击了刘丽,0
1162,coverb,coverb_with,王伟替张红梅打破了碟子,1
1163,coverb,coverb_with,王伟用张红梅打破了碟子,0
1164,coverb,coverb_with,沈佳宜同王雅慧离开了,1
1165,coverb,coverb_with,沈佳宜于王雅慧离开了,0
1166,coverb,coverb_with,林泽轩跟孙晓聪哭了,1
1167,coverb,coverb_with,林泽轩于孙晓聪哭了,0
1168,coverb,coverb_with,孙领和崔思雨撒谎了,1
1169,coverb,coverb_with,孙领往崔思雨撒谎了,0
1170,coverb,coverb_with,这些司机同这个女演员拥抱了董怡,1
1171,coverb,coverb_with,这些司机朝这个女演员拥抱了董怡,0
1172,coverb,coverb_with,朱晓阳替秦凯游览了电影院,1
1173,coverb,coverb_with,朱晓阳往秦凯游览了电影院,0
1174,coverb,coverb_with,丁燕宁跟李林抱怨了宋瑞芝,1
1175,coverb,coverb_with,丁燕宁到李林抱怨了宋瑞芝,0
1176,coverb,coverb_with,李文清同那个行人找了,1
1177,coverb,coverb_with,李文清向那个行人找了,0
1178,coverb,coverb_with,王梦同陈丽回答了,1
1179,coverb,coverb_with,王梦坐陈丽回答了,0
1180,coverb,coverb_with,沈辰同马良吹牛了,1
1181,coverb,coverb_with,沈辰对马良吹牛了,0
1182,coverb,coverb_with,那个客人为王淑萍打扫了手套,1
1183,coverb,coverb_with,那个客人于王淑萍打扫了手套,0
1184,coverb,coverb_with,舒婷替那个人揭示了冰,1
1185,coverb,coverb_with,舒婷坐那个人揭示了冰,0
1186,coverb,coverb_with,高婷婷和黄子萱挣扎了,1
1187,coverb,coverb_with,高婷婷用黄子萱挣扎了,0
1188,coverb,coverb_with,梁楠和孙文拿了大衣,1
1189,coverb,coverb_with,梁楠到孙文拿了大衣,0
1190,coverb,coverb_with,张丽华同有些女服务员检查了李波的舞台剧,1
1191,coverb,coverb_with,张丽华拿有些女服务员检查了李波的舞台剧,0
1192,coverb,coverb_with,黄敏替韩梅梅捐赠了,1
1193,coverb,coverb_with,黄敏到韩梅梅捐赠了,0
1194,coverb,coverb_with,马萌与潘明明发现了,1
1195,coverb,coverb_with,马萌搭潘明明发现了,0
1196,coverb,coverb_with,凌菲同李思彤调查了李悦的侄女,1
1197,coverb,coverb_with,凌菲坐李思彤调查了李悦的侄女,0
1198,coverb,coverb_with,有些行人跟马可找了,1
1199,coverb,coverb_with,有些行人朝马可找了,0
1200,coverb,coverb_with,王玉梅给马可回答了,1
1201,coverb,coverb_with,王玉梅用马可回答了,0
1202,coverb,coverb_with,吴宇涛同有个女服务员骑自行车去了博物馆,1
1203,coverb,coverb_with,吴宇涛拿有个女服务员骑自行车去了博物馆,0
1204,coverb,coverb_with,王慧跟有些司机质疑了苏金燕,1
1205,coverb,coverb_with,王慧拿有些司机质疑了苏金燕,0
1206,coverb,coverb_with,张芃芃为徐黄举了短裙,1
1207,coverb,coverb_with,张芃芃向徐黄举了短裙,0
1208,coverb,coverb_with,赵佳莹同莫奈回应了,1
1209,coverb,coverb_with,赵佳莹往莫奈回应了,0
1210,coverb,coverb_with,李小红为施月隐藏了程丽莎,1
1211,coverb,coverb_with,李小红向施月隐藏了程丽莎,0
1212,coverb,coverb_with,金鹏与梁楠躲起来了,1
1213,coverb,coverb_with,金鹏搭梁楠躲起来了,0
1214,coverb,coverb_with,江洋同刘旭敏投降了,1
1215,coverb,coverb_with,江洋由刘旭敏投降了,0
1216,coverb,coverb_with,张晓峰为李波看了那个患者,1
1217,coverb,coverb_with,张晓峰拿李波看了那个患者,0
1218,coverb,coverb_with,有个顾客给王梦打扫了短裙,1
1219,coverb,coverb_with,有个顾客从王梦打扫了短裙,0
1220,coverb,coverb_with,包曼玉和方永晴团聚了,1
1221,coverb,coverb_with,包曼玉在方永晴团聚了,0
1222,coverb,coverb_with,杨波跟李会召有了裤子,1
1223,coverb,coverb_with,杨波向李会召有了裤子,0
1224,coverb,coverb_with,丁雅静同张婷挥手了,1
1225,coverb,coverb_with,丁雅静在张婷挥手了,0
1226,coverb,coverb_with,唐月与周一博关心了刘桂珍,1
1227,coverb,coverb_with,唐月拿周一博关心了刘桂珍,0
1228,coverb,coverb_with,耶稣和宋瑞芝去了丘陵,1
1229,coverb,coverb_with,耶稣往宋瑞芝去了丘陵,0
1230,coverb,coverb_with,图书馆与沈辰显现了关闭,1
1231,coverb,coverb_with,图书馆向沈辰显现了关闭,0
1232,coverb,coverb_with,李文清跟赵梦婷帮助了黄敏,1
1233,coverb,coverb_with,李文清对赵梦婷帮助了黄敏,0
1234,coverb,coverb_with,学校同高婷婷宣布了,1
1235,coverb,coverb_with,学校乘高婷婷宣布了,0
1236,coverb,coverb_with,张晓峰与宋兆旭考虑了,1
1237,coverb,coverb_with,张晓峰到宋兆旭考虑了,0
1238,coverb,coverb_with,黄敏为李小红调查了有些青少年的足病医生,1
1239,coverb,coverb_with,黄敏拿李小红调查了有些青少年的足病医生,0
1240,coverb,coverb_with,张光毅与谢天天预测了,1
1241,coverb,coverb_with,张光毅乘谢天天预测了,0
1242,coverb,coverb_with,郭美美替孔薇烘烤了,1
1243,coverb,coverb_with,郭美美坐孔薇烘烤了,0
1244,coverb,coverb_with,林泽轩和张光毅学习了,1
1245,coverb,coverb_with,林泽轩从张光毅学习了,0
1246,coverb,coverb_with,郭佳茹给万智芸带了学校,1
1247,coverb,coverb_with,郭佳茹坐万智芸带了学校,0
1248,coverb,coverb_with,庞华跟朱天一弄清楚了,1
1249,coverb,coverb_with,庞华朝朱天一弄清楚了,0
1250,coverb,coverb_with,崔思雨替张淑兰看了张心仪,1
1251,coverb,coverb_with,崔思雨向张淑兰看了张心仪,0
1252,coverb,coverb_with,周通给王敏找了,1
1253,coverb,coverb_with,周通往王敏找了,0
1254,coverb,coverb_with,孙一飞同夏雨琳喊了,1
1255,coverb,coverb_with,孙一飞往夏雨琳喊了,0
1256,coverb,coverb_with,戴楚楚给杨铭烘烤了,1
1257,coverb,coverb_with,戴楚楚到杨铭烘烤了,0
1258,coverb,coverb_with,有个女人为有个女孩隐藏了,1
1259,coverb,coverb_with,有个女人从有个女孩隐藏了,0
1260,coverb,coverb_with,有些参议员跟于凯丽考虑了,1
1261,coverb,coverb_with,有些参议员朝于凯丽考虑了,0
1262,coverb,coverb_with,张敏敏替于凯丽关心了秦凯,1
1263,coverb,coverb_with,张敏敏朝于凯丽关心了秦凯,0
1264,coverb,coverb_with,林惠和赵乾研究了博基亚家族的侄女,1
1265,coverb,coverb_with,林惠拿赵乾研究了博基亚家族的侄女,0
1266,coverb,coverb_with,故事同那个家伙不同意了孔薇,1
1267,coverb,coverb_with,故事坐那个家伙不同意了孔薇,0
1268,coverb,coverb_with,李思彤为谢梦梦撒谎了,1
1269,coverb,coverb_with,李思彤冲谢梦梦撒谎了,0
1270,coverb,coverb_with,韩梅梅为孙一飞证明了打开,1
1271,coverb,coverb_with,韩梅梅往孙一飞证明了打开,0
1272,coverb,coverb_with,王鑫跟赵唱哭了,1
1273,coverb,coverb_with,王鑫搭赵唱哭了,0
1274,coverb,coverb_with,电影和这些舞蹈家尴尬了韩梅梅,1
1275,coverb,coverb_with,电影在这些舞蹈家尴尬了韩梅梅,0
1276,coverb,coverb_with,这些客人替王皓回答了,1
1277,coverb,coverb_with,这些客人对王皓回答了,0
1278,coverb,coverb_with,陈红替谭言隐藏了有些老师的肿瘤医师,1
1279,coverb,coverb_with,陈红乘谭言隐藏了有些老师的肿瘤医师,0
1280,coverb,coverb_with,陈晶和游欢欢溜冰了绿洲,1
1281,coverb,coverb_with,陈晶对游欢欢溜冰了绿洲,0
1282,coverb,coverb_with,陈哲为这些女孩努力工作了,1
1283,coverb,coverb_with,陈哲冲这些女孩努力工作了,0
1284,coverb,coverb_with,金鹏跟有个家伙四周转了公园,1
1285,coverb,coverb_with,金鹏到有个家伙四周转了公园,0
1286,coverb,coverb_with,张杰给王筱雅打破了牙齿,1
1287,coverb,coverb_with,张杰向王筱雅打破了牙齿,0
1288,coverb,coverb_with,马良同张沛然合谋了,1
1289,coverb,coverb_with,马良拿张沛然合谋了,0
1290,coverb,coverb_with,有个女演员与关彤彤隐瞒了这个成人,1
1291,coverb,coverb_with,有个女演员拿关彤彤隐瞒了这个成人,0
1292,coverb,coverb_with,陈子涵为詹静芳努力工作了,1
1293,coverb,coverb_with,陈子涵从詹静芳努力工作了,0
1294,coverb,coverb_with,这些行人和沈佳宜争论了这个司机,1
1295,coverb,coverb_with,这些行人朝沈佳宜争论了这个司机,0
1296,coverb,coverb_with,魏新宇替这些客人做饭了,1
1297,coverb,coverb_with,魏新宇乘这些客人做饭了,0
1298,coverb,coverb_with,王芳替梅丽考虑了假设,1
1299,coverb,coverb_with,王芳在梅丽考虑了假设,0
1300,coverb,coverb_with,卢诗韵给杨玲调查了,1
1301,coverb,coverb_with,卢诗韵朝杨玲调查了,0
1302,coverb,coverb_with,钱伯谦为杨敏娟证明了需要,1
1303,coverb,coverb_with,钱伯谦由杨敏娟证明了需要,0
1304,coverb,coverb_with,刘超跟那些舞蹈家打电话了,1
1305,coverb,coverb_with,刘超朝那些舞蹈家打电话了,0
1306,coverb,coverb_with,西班牙与何冰冰担心了那些儿童的儿子们,1
1307,coverb,coverb_with,西班牙从何冰冰担心了那些儿童的儿子们,0
1308,coverb,coverb_with,有个男服务员和杨颖想了,1
1309,coverb,coverb_with,有个男服务员在杨颖想了,0
1310,coverb,coverb_with,郝良帅和黄秀英打破了敞篷车,1
1311,coverb,coverb_with,郝良帅冲黄秀英打破了敞篷车,0
1312,coverb,coverb_with,于凯丽与关彤彤担心了林惠,1
1313,coverb,coverb_with,于凯丽由关彤彤担心了林惠,0
1314,coverb,coverb_with,杭美替张敏秀欢呼了,1
1315,coverb,coverb_with,杭美搭张敏秀欢呼了,0
1316,coverb,coverb_with,毛毅给王可馨买了图纸,1
1317,coverb,coverb_with,毛毅朝王可馨买了图纸,0
1318,coverb,coverb_with,李莫言同郭瀚临唱了,1
1319,coverb,coverb_with,李莫言在郭瀚临唱了,0
1320,coverb,coverb_with,李淑华同周通失败了烦扰,1
1321,coverb,coverb_with,李淑华对周通失败了烦扰,0
1322,coverb,coverb_with,赵佳莹给高晗写了王刚的女儿们,1
1323,coverb,coverb_with,赵佳莹往高晗写了王刚的女儿们,0
1324,coverb,coverb_with,大学和那些顾客提出了摇摆,1
1325,coverb,coverb_with,大学坐那些顾客提出了摇摆,0
1326,coverb,coverb_with,这些男演员和王玉梅吹牛了,1
1327,coverb,coverb_with,这些男演员搭王玉梅吹牛了,0
1328,coverb,coverb_with,张琴与黄子婷调查了,1
1329,coverb,coverb_with,张琴坐黄子婷调查了,0
1330,coverb,coverb_with,这些青少年同张琴吓了大学,1
1331,coverb,coverb_with,这些青少年冲张琴吓了大学,0
1332,coverb,coverb_with,衣柜替杨颖打开了,1
1333,coverb,coverb_with,衣柜向杨颖打开了,0
1334,coverb,coverb_with,谢天天和林棋咯咯笑了,1
1335,coverb,coverb_with,谢天天向林棋咯咯笑了,0
1336,coverb,coverb_with,秦凯替严莉莉批评了陈天瑜,1
1337,coverb,coverb_with,秦凯朝严莉莉批评了陈天瑜,0
1338,coverb,coverb_with,施月同谢梦梦挥手了,1
1339,coverb,coverb_with,施月于谢梦梦挥手了,0
1340,coverb,coverb_with,王梦替张心仪找了,1
1341,coverb,coverb_with,王梦冲张心仪找了,0
1342,coverb,coverb_with,李思佳给许好做饭了,1
1343,coverb,coverb_with,李思佳从许好做饭了,0
1344,coverb,coverb_with,周敏娜同张敏敏打电话了,1
1345,coverb,coverb_with,周敏娜拿张敏敏打电话了,0
1346,coverb,coverb_with,这些女士与王婷婷赞美了克林顿夫妇,1
1347,coverb,coverb_with,这些女士从王婷婷赞美了克林顿夫妇,0
1348,coverb,coverb_with,盒子给王子豪打开了,1
1349,coverb,coverb_with,盒子到王子豪打开了,0
1350,coverb,coverb_with,有个家伙替严莉莉买了自行车,1
1351,coverb,coverb_with,有个家伙到严莉莉买了自行车,0
1352,coverb,coverb_with,有个行人和那个老师揭示了,1
1353,coverb,coverb_with,有个行人往那个老师揭示了,0
1354,coverb,coverb_with,那些老人替陈子涵解释一切了,1
1355,coverb,coverb_with,那些老人在陈子涵解释一切了,0
1356,coverb,coverb_with,记录片和詹静芳不同意了,1
1357,coverb,coverb_with,记录片往詹静芳不同意了,0
1358,coverb,coverb_with,张敏敏给谢天天烘烤了,1
1359,coverb,coverb_with,张敏敏于谢天天烘烤了,0
1360,coverb,coverb_with,林泽轩同张淑兰应付了,1
1361,coverb,coverb_with,林泽轩于张淑兰应付了,0
1362,coverb,coverb_with,庞华替陈子涵撒谎了,1
1363,coverb,coverb_with,庞华搭陈子涵撒谎了,0
1364,coverb,coverb_with,秦凯和朱德玲记住了这个校友,1
1365,coverb,coverb_with,秦凯到朱德玲记住了这个校友,0
1366,coverb,coverb_with,郑沁欣替张红梅隐瞒了王皓,1
1367,coverb,coverb_with,郑沁欣在张红梅隐瞒了王皓,0
1368,coverb,coverb_with,杨铭为王萍游览了学校,1
1369,coverb,coverb_with,杨铭对王萍游览了学校,0
1370,coverb,coverb_with,这些学生给这些男人记住了孙一飞,1
1371,coverb,coverb_with,这些学生向这些男人记住了孙一飞,0
1372,coverb,coverb_with,王皓跟林棋合谋了,1
1373,coverb,coverb_with,王皓搭林棋合谋了,0
1374,coverb,coverb_with,赵唱为夏雨琳证明了返回,1
1375,coverb,coverb_with,赵唱坐夏雨琳证明了返回,0
1376,coverb,coverb_with,刘桂珍为李倩倩表演了,1
1377,coverb,coverb_with,刘桂珍到李倩倩表演了,0
1378,coverb,coverb_with,谢梦梦为李哲打扫了公园,1
1379,coverb,coverb_with,谢梦梦对李哲打扫了公园,0
1380,coverb,coverb_with,刘桂珍给这些家伙洗了夹克,1
1381,coverb,coverb_with,刘桂珍朝这些家伙洗了夹克,0
1382,coverb,coverb_with,张婷给贾栋记住了有个青少年,1
1383,coverb,coverb_with,张婷用贾栋记住了有个青少年,0
1384,coverb,coverb_with,张兴给潘明明扫描了故事,1
1385,coverb,coverb_with,张兴拿潘明明扫描了故事,0
1386,coverb,coverb_with,徐伟为刘志强治疗了这些校友的水管工,1
1387,coverb,coverb_with,徐伟用刘志强治疗了这些校友的水管工,0
1388,coverb,coverb_with,王雅慧同李哲隐瞒了李思佳,1
1389,coverb,coverb_with,王雅慧搭李哲隐瞒了李思佳,0
1390,coverb,coverb_with,张兴给有个女士致敬了,1
1391,coverb,coverb_with,张兴坐有个女士致敬了,0
1392,coverb,coverb_with,柴静同这个男人合作了,1
1393,coverb,coverb_with,柴静用这个男人合作了,0
1394,coverb,coverb_with,唐月与于凯丽打破了推车,1
1395,coverb,coverb_with,唐月于于凯丽打破了推车,0
1396,coverb,coverb_with,陈俊与李文清清洗了猫,1
1397,coverb,coverb_with,陈俊于李文清清洗了猫,0
1398,coverb,coverb_with,陈俊跟樊颖走过了银行,1
1399,coverb,coverb_with,陈俊坐樊颖走过了银行,0
1400,coverb,coverb_with,李会召同有个患者消失了,1
1401,coverb,coverb_with,李会召拿有个患者消失了,0
1402,coverb,coverb_with,庞华同宋瑞芝躲起来了,1
1403,coverb,coverb_with,庞华对宋瑞芝躲起来了,0
1404,coverb,coverb_with,杨波给温斯顿·丘吉尔买了杨玲的书,1
1405,coverb,coverb_with,杨波从温斯顿·丘吉尔买了杨玲的书,0
1406,coverb,coverb_with,门给谢天天关闭了,1
1407,coverb,coverb_with,门对谢天天关闭了,0
1408,coverb,coverb_with,赵健杰替郝良帅抱怨了那些年轻人的前妻,1
1409,coverb,coverb_with,赵健杰朝郝良帅抱怨了那些年轻人的前妻,0
1410,coverb,coverb_with,眼睛为这些患者猛地打开了,1
1411,coverb,coverb_with,眼睛到这些患者猛地打开了,0
1412,coverb,coverb_with,那个男孩与这些行人问了孙莹莹,1
1413,coverb,coverb_with,那个男孩在这些行人问了孙莹莹,0
1414,coverb,coverb_with,卡车同齐燕打动了莫奈的朋友,1
1415,coverb,coverb_with,卡车用齐燕打动了莫奈的朋友,0
1416,coverb,coverb_with,孙晓聪与叶凯琳需要了银行,1
1417,coverb,coverb_with,孙晓聪于叶凯琳需要了银行,0
1418,coverb,coverb_with,图书馆为林雨桐调查了,1
1419,coverb,coverb_with,图书馆由林雨桐调查了,0
1420,coverb,coverb_with,张伟同朱德玲打架了,1
1421,coverb,coverb_with,张伟乘朱德玲打架了,0
1422,coverb,coverb_with,夏雨琳同博基亚家族描述了有个人的最好的朋友,1
1423,coverb,coverb_with,夏雨琳朝博基亚家族描述了有个人的最好的朋友,0
1424,coverb,coverb_with,王筱雅和黄敏说出来了,1
1425,coverb,coverb_with,王筱雅从黄敏说出来了,0
1426,coverb,coverb_with,王鑫给崔兆亮隐藏了林泽轩,1
1427,coverb,coverb_with,王鑫由崔兆亮隐藏了林泽轩,0
1428,coverb,coverb_with,高屹森与张芃芃调查了黄敏,1
1429,coverb,coverb_with,高屹森拿张芃芃调查了黄敏,0
1430,coverb,coverb_with,马良和罗西打动了张伟,1
1431,coverb,coverb_with,马良由罗西打动了张伟,0
1432,coverb,coverb_with,那个女演员跟高屹森抱怨了,1
1433,coverb,coverb_with,那个女演员对高屹森抱怨了,0
1434,coverb,coverb_with,许逸航替贾雨静拿了西兰花,1
1435,coverb,coverb_with,许逸航对贾雨静拿了西兰花,0
1436,coverb,coverb_with,嘴给孙一飞关了,1
1437,coverb,coverb_with,嘴对孙一飞关了,0
1438,coverb,coverb_with,蘑菇给张敏秀伤害了王雅慧,1
1439,coverb,coverb_with,蘑菇冲张敏秀伤害了王雅慧,0
1440,coverb,coverb_with,宋兆旭同张兴出现了,1
1441,coverb,coverb_with,宋兆旭对张兴出现了,0
1442,coverb,coverb_with,委员会跟王秀梅想知道了,1
1443,coverb,coverb_with,委员会朝王秀梅想知道了,0
1444,coverb,coverb_with,帽子跟张欣然震惊了张婷,1
1445,coverb,coverb_with,帽子到张欣然震惊了张婷,0
1446,coverb,coverb_with,那个学生替许逸航考虑了,1
1447,coverb,coverb_with,那个学生到许逸航考虑了,0
1448,coverb,coverb_with,王梦与梁楠尝试了说服,1
1449,coverb,coverb_with,王梦冲梁楠尝试了说服,0
1450,coverb,coverb_with,刘晓哲跟赵佳莹叫喊了,1
1451,coverb,coverb_with,刘晓哲从赵佳莹叫喊了,0
1452,coverb,coverb_with,郭瀚临替沈辰游览了银行,1
1453,coverb,coverb_with,郭瀚临对沈辰游览了银行,0
1454,coverb,coverb_with,这个顾客给王泽爽带了耶稣的文章,1
1455,coverb,coverb_with,这个顾客于王泽爽带了耶稣的文章,0
1456,coverb,coverb_with,王婷婷给这个医生描述了王伟的来宾,1
1457,coverb,coverb_with,王婷婷往这个医生描述了王伟的来宾,0
1458,coverb,coverb_with,孙文与马可吃了,1
1459,coverb,coverb_with,孙文乘马可吃了,0
1460,coverb,coverb_with,李翔和王玉梅问了孔薇,1
1461,coverb,coverb_with,李翔由王玉梅问了孔薇,0
1462,coverb,coverb_with,孙一飞为蔡文璐证明了转向,1
1463,coverb,coverb_with,孙一飞搭蔡文璐证明了转向,0
1464,coverb,coverb_with,博物馆跟仇一诺尝试了哭,1
1465,coverb,coverb_with,博物馆搭仇一诺尝试了哭,0
1466,coverb,coverb_with,江洋与董玉洁抵制了这个舞蹈家,1
1467,coverb,coverb_with,江洋于董玉洁抵制了这个舞蹈家,0
1468,coverb,coverb_with,严莉莉和方永晴调查了博物馆,1
1469,coverb,coverb_with,严莉莉往方永晴调查了博物馆,0
1470,coverb,coverb_with,王秀梅跟张晓峰哭了,1
1471,coverb,coverb_with,王秀梅搭张晓峰哭了,0
1472,coverb,coverb_with,罗西与杨芳失败了听起来像,1
1473,coverb,coverb_with,罗西向杨芳失败了听起来像,0
1474,coverb,coverb_with,马可跟李会召希望了激怒,1
1475,coverb,coverb_with,马可到李会召希望了激怒,0
1476,coverb,coverb_with,卢诗韵给马良带了咖啡店,1
1477,coverb,coverb_with,卢诗韵对马良带了咖啡店,0
1478,coverb,coverb_with,有些客人给孙龙做饭了,1
1479,coverb,coverb_with,有些客人冲孙龙做饭了,0
1480,coverb,coverb_with,学校跟王月偏爱了,1
1481,coverb,coverb_with,学校朝王月偏爱了,0
1482,coverb,coverb_with,严莉莉替周敏娜考虑了,1
1483,coverb,coverb_with,严莉莉到周敏娜考虑了,0
1484,coverb,coverb_with,赵梦婷同宋兆旭退出了西班牙,1
1485,coverb,coverb_with,赵梦婷搭宋兆旭退出了西班牙,0
1486,coverb,coverb_with,周佳同高宁到达了艺术画廊,1
1487,coverb,coverb_with,周佳于高宁到达了艺术画廊,0
1488,coverb,coverb_with,张敏敏为这些青少年带了卢诗韵的图纸,1
1489,coverb,coverb_with,张敏敏于这些青少年带了卢诗韵的图纸,0
1490,coverb,coverb_with,张敏敏和施月预料了,1
1491,coverb,coverb_with,张敏敏拿施月预料了,0
1492,coverb,coverb_with,大门给宋兆旭打开了,1
1493,coverb,coverb_with,大门由宋兆旭打开了,0
1494,coverb,coverb_with,陈晶同李春梅揭示了,1
1495,coverb,coverb_with,陈晶坐李春梅揭示了,0
1496,coverb,coverb_with,文献跟张光毅担心了谭言,1
1497,coverb,coverb_with,文献朝张光毅担心了谭言,0
1498,coverb,coverb_with,卢诗韵替庞华回答了,1
1499,coverb,coverb_with,卢诗韵坐庞华回答了,0
1500,coverb,coverb_with,江洋为包曼玉参考了李思彤,1
1501,coverb,coverb_with,江洋对包曼玉参考了李思彤,0
1502,coverb,coverb_with,杨波替张红梅游览了博物馆,1
1503,coverb,coverb_with,杨波到张红梅游览了博物馆,0
1504,coverb,coverb_with,孟杰同那个客人咧嘴笑了,1
1505,coverb,coverb_with,孟杰于那个客人咧嘴笑了,0
1506,coverb,coverb_with,高志民跟张敏秀叫喊了,1
1507,coverb,coverb_with,高志民对张敏秀叫喊了,0
1508,coverb,coverb_with,谢梦梦和陈哲欣赏了孟杰的主管,1
1509,coverb,coverb_with,谢梦梦到陈哲欣赏了孟杰的主管,0
1510,coverb,coverb_with,张心仪同耶稣意识到了,1
1511,coverb,coverb_with,张心仪坐耶稣意识到了,0
1512,coverb,coverb_with,李思彤给有些男人表演了,1
1513,coverb,coverb_with,李思彤拿有些男人表演了,0
1514,coverb,coverb_with,马娟跟谢梦梦探明了,1
1515,coverb,coverb_with,马娟往谢梦梦探明了,0
1516,coverb,coverb_with,张永祥与王磊争论了,1
1517,coverb,coverb_with,张永祥搭王磊争论了,0
1518,coverb,coverb_with,张琴为徐洁画画了,1
1519,coverb,coverb_with,张琴由徐洁画画了,0
1520,coverb,coverb_with,施月给李悦致敬了,1
1521,coverb,coverb_with,施月于李悦致敬了,0
1522,coverb,coverb_with,王梦同那些顾客警告了张敏敏,1
1523,coverb,coverb_with,王梦坐那些顾客警告了张敏敏,0
1524,coverb,coverb_with,刘思源和王可馨狩猎了猫,1
1525,coverb,coverb_with,刘思源在王可馨狩猎了猫,0
1526,coverb,coverb_with,刘思源跟刘旭敏管理了扔,1
1527,coverb,coverb_with,刘思源拿刘旭敏管理了扔,0
1528,coverb,coverb_with,有些女演员给张超回复了,1
1529,coverb,coverb_with,有些女演员对张超回复了,0
1530,coverb,coverb_with,李会召同李思佳去钓鱼了,1
1531,coverb,coverb_with,李会召于李思佳去钓鱼了,0
1532,coverb,coverb_with,谭言和庞华欢呼了,1
1533,coverb,coverb_with,谭言到庞华欢呼了,0
1534,coverb,coverb_with,孙龙与李春梅抵制了画作,1
1535,coverb,coverb_with,孙龙往李春梅抵制了画作,0
1536,coverb,coverb_with,王淑珍为方永晴写了那些青少年的女儿,1
1537,coverb,coverb_with,王淑珍乘方永晴写了那些青少年的女儿,0
1538,coverb,coverb_with,戴楚楚同伽利略调查了万智芸的钢琴老师,1
1539,coverb,coverb_with,戴楚楚由伽利略调查了万智芸的钢琴老师,0
1540,coverb,coverb_with,叶梓给王月打破了马车,1
1541,coverb,coverb_with,叶梓往王月打破了马车,0
1542,coverb,coverb_with,门为周敏娜猛地打开了,1
1543,coverb,coverb_with,门乘周敏娜猛地打开了,0
1544,coverb,coverb_with,叶梓与金砚秋希望了预测,1
1545,coverb,coverb_with,叶梓于金砚秋希望了预测,0
1546,coverb,coverb_with,委员会给耶稣回复了,1
1547,coverb,coverb_with,委员会到耶稣回复了,0
1548,coverb,coverb_with,崔兆亮与徐洁看了小册子,1
1549,coverb,coverb_with,崔兆亮拿徐洁看了小册子,0
1550,coverb,coverb_with,虞佳蓉为克林顿夫妇回复了,1
1551,coverb,coverb_with,虞佳蓉于克林顿夫妇回复了,0
1552,coverb,coverb_with,仇一诺为有些男孩扫描了那些患者的儿子们,1
1553,coverb,coverb_with,仇一诺对有些男孩扫描了那些患者的儿子们,0
1554,coverb,coverb_with,陈红给黄子婷解释了那,1
1555,coverb,coverb_with,陈红到黄子婷解释了那,0
1556,coverb,coverb_with,王磊和那个女演员谈论了冰川,1
1557,coverb,coverb_with,王磊从那个女演员谈论了冰川,0
1558,coverb,coverb_with,张雨馨为朱德玲做饭了,1
1559,coverb,coverb_with,张雨馨乘朱德玲做饭了,0
1560,coverb,coverb_with,张沛然为有个学生研究了梅丽的母亲,1
1561,coverb,coverb_with,张沛然拿有个学生研究了梅丽的母亲,0
1562,coverb,coverb_with,林泽轩与詹静芳妥协了,1
1563,coverb,coverb_with,林泽轩从詹静芳妥协了,0
1564,coverb,coverb_with,张心仪和杨铭知道了,1
1565,coverb,coverb_with,张心仪向杨铭知道了,0
1566,coverb,coverb_with,李文清同贾栋买了杜嘉怡的印刷品,1
1567,coverb,coverb_with,李文清对贾栋买了杜嘉怡的印刷品,0
1568,coverb,coverb_with,文章同那些人不同意了,1
1569,coverb,coverb_with,文章拿那些人不同意了,0
1570,coverb,coverb_with,周慧敏和赵唱需要了,1
1571,coverb,coverb_with,周慧敏向赵唱需要了,0
1572,coverb,coverb_with,王淑萍与李淑华研究了许好的律师,1
1573,coverb,coverb_with,王淑萍由李淑华研究了许好的律师,0
1574,coverb,coverb_with,张敏秀为这些男演员烘烤了,1
1575,coverb,coverb_with,张敏秀向这些男演员烘烤了,0
1576,coverb,coverb_with,王慧为王子豪游览了图书馆,1
1577,coverb,coverb_with,王慧从王子豪游览了图书馆,0
1578,coverb,coverb_with,徐洁给魏新宇授予了,1
1579,coverb,coverb_with,徐洁拿魏新宇授予了,0
1580,coverb,coverb_with,王月给这个家伙调查了沈辰,1
1581,coverb,coverb_with,王月乘这个家伙调查了沈辰,0
1582,coverb,coverb_with,孙龙为这个老师描述了王敏,1
1583,coverb,coverb_with,孙龙坐这个老师描述了王敏,0
1584,coverb,coverb_with,杨颖和关彤彤顺便拜访了购物中心,1
1585,coverb,coverb_with,杨颖由关彤彤顺便拜访了购物中心,0
1586,coverb,coverb_with,马可与周慧敏改变了,1
1587,coverb,coverb_with,马可坐周慧敏改变了,0
1588,coverb,coverb_with,卞紫薇替吴美琳考虑了,1
1589,coverb,coverb_with,卞紫薇对吴美琳考虑了,0
1590,coverb,coverb_with,张心仪与王子豪谈了钱伯谦,1
1591,coverb,coverb_with,张心仪拿王子豪谈了钱伯谦,0
1592,coverb,coverb_with,姚美杏给陈志同欢呼了,1
1593,coverb,coverb_with,姚美杏坐陈志同欢呼了,0
1594,coverb,coverb_with,王淑珍与王梦意识到了,1
1595,coverb,coverb_with,王淑珍用王梦意识到了,0
1596,coverb,coverb_with,张超与那个儿童同意了,1
1597,coverb,coverb_with,张超搭那个儿童同意了,0
1598,coverb,coverb_with,蔡文璐同有些女服务员改变了,1
1599,coverb,coverb_with,蔡文璐到有些女服务员改变了,0
1600,coverb,coverb_with,严莉莉跟王刚忘记了,1
1601,coverb,coverb_with,严莉莉拿王刚忘记了,0
1602,coverb,coverb_with,那个家伙给这些行人逃离了张沛然,1
1603,coverb,coverb_with,那个家伙冲这些行人逃离了张沛然,0
1604,coverb,coverb_with,有些男人和刘晓哲震惊了有个行人的电工,1
1605,coverb,coverb_with,有些男人从刘晓哲震惊了有个行人的电工,0
1606,coverb,coverb_with,朱德玲跟凌菲命令了沈辰,1
1607,coverb,coverb_with,朱德玲冲凌菲命令了沈辰,0
1608,coverb,coverb_with,许好同樊颖到达了山脉,1
1609,coverb,coverb_with,许好于樊颖到达了山脉,0
1610,coverb,coverb_with,刘颖给梁楠写了有个出纳员的朋友们,1
1611,coverb,coverb_with,刘颖对梁楠写了有个出纳员的朋友们,0
1612,coverb,coverb_with,王月和李桐显现了清洗,1
1613,coverb,coverb_with,王月坐李桐显现了清洗,0
1614,coverb,coverb_with,毛毅和张晓峰回应了,1
1615,coverb,coverb_with,毛毅拿张晓峰回应了,0
1616,coverb,coverb_with,银行和方永晴显现了弄清楚,1
1617,coverb,coverb_with,银行搭方永晴显现了弄清楚,0
1618,coverb,coverb_with,石文静和沈辰开车去了医院,1
1619,coverb,coverb_with,石文静往沈辰开车去了医院,0
1620,coverb,coverb_with,杜嘉怡为张伟攻击了钱伯谦,1
1621,coverb,coverb_with,杜嘉怡由张伟攻击了钱伯谦,0
1622,coverb,coverb_with,孙一飞和孟杰记住了杨颖,1
1623,coverb,coverb_with,孙一飞向孟杰记住了杨颖,0
1624,coverb,coverb_with,王秀梅替李文清考虑了,1
1625,coverb,coverb_with,王秀梅冲李文清考虑了,0
1626,coverb,coverb_with,叶凯琳为陈子涵吻了王刚,1
1627,coverb,coverb_with,叶凯琳坐陈子涵吻了王刚,0
1628,coverb,coverb_with,朱晓阳为李淑华解释一切了,1
1629,coverb,coverb_with,朱晓阳往李淑华解释一切了,0
1630,coverb,coverb_with,张敏敏给赵健杰辩论了,1
1631,coverb,coverb_with,张敏敏拿赵健杰辩论了,0
1632,coverb,coverb_with,马良给贾雨静洗了夹克,1
1633,coverb,coverb_with,马良往贾雨静洗了夹克,0
1634,coverb,coverb_with,杭美给刘雨欣买了学校,1
1635,coverb,coverb_with,杭美到刘雨欣买了学校,0
1636,coverb,coverb_with,宋兆旭与张伟去了银行,1
1637,coverb,coverb_with,宋兆旭从张伟去了银行,0
1638,coverb,coverb_with,孔薇跟詹静芳考虑了,1
1639,coverb,coverb_with,孔薇到詹静芳考虑了,0
1640,coverb,coverb_with,赵佳莹替杨玲描述了他们,1
1641,coverb,coverb_with,赵佳莹向杨玲描述了他们,0
1642,coverb,coverb_with,陈哲与吴宇涛调查了,1
1643,coverb,coverb_with,陈哲从吴宇涛调查了,0
1644,coverb,coverb_with,崔兆亮和陈晶离开了,1
1645,coverb,coverb_with,崔兆亮对陈晶离开了,0
1646,coverb,coverb_with,孙一飞同伽利略退出了大学校园,1
1647,coverb,coverb_with,孙一飞冲伽利略退出了大学校园,0
1648,coverb,coverb_with,魏新宇跟王月微笑了,1
1649,coverb,coverb_with,魏新宇用王月微笑了,0
1650,coverb,coverb_with,刘丽为庞华培养了,1
1651,coverb,coverb_with,刘丽对庞华培养了,0
1652,coverb,coverb_with,丁雅静与王秀英卖了咖啡店,1
1653,coverb,coverb_with,丁雅静到王秀英卖了咖啡店,0
1654,coverb,coverb_with,张心仪同张涛谈论了,1
1655,coverb,coverb_with,张心仪往张涛谈论了,0
1656,coverb,coverb_with,金鹏为有个女服务员质疑了杨桂英,1
1657,coverb,coverb_with,金鹏对有个女服务员质疑了杨桂英,0
1658,coverb,coverb_with,盒子给王靖瑶关闭了,1
1659,coverb,coverb_with,盒子在王靖瑶关闭了,0
1660,coverb,coverb_with,戏剧与李倩倩不同意了李语嫣,1
1661,coverb,coverb_with,戏剧乘李倩倩不同意了李语嫣,0
1662,coverb,coverb_with,王靖瑶同张涛走过了学校,1
1663,coverb,coverb_with,王靖瑶用张涛走过了学校,0
1664,coverb,coverb_with,卢诗韵与路德教会考虑了唐月,1
1665,coverb,coverb_with,卢诗韵搭路德教会考虑了唐月,0
1666,coverb,coverb_with,张雨馨给有个学生帮助了王皓的伙伴,1
1667,coverb,coverb_with,张雨馨拿有个学生帮助了王皓的伙伴,0
1668,coverb,coverb_with,林惠替这些客人抱怨了,1
1669,coverb,coverb_with,林惠乘这些客人抱怨了,0
1670,coverb,coverb_with,陈子涵同关彤彤冲突了,1
1671,coverb,coverb_with,陈子涵在关彤彤冲突了,0
1672,coverb,coverb_with,樊颖替高晗卖了论文,1
1673,coverb,coverb_with,樊颖向高晗卖了论文,0
1674,coverb,coverb_with,这些医生与刘丽冲突了,1
1675,coverb,coverb_with,这些医生到刘丽冲突了,0
1676,coverb,coverb_with,吕小莲为徐黄隐藏了,1
1677,coverb,coverb_with,吕小莲对徐黄隐藏了,0
1678,coverb,coverb_with,戴楚楚为高宁想了,1
1679,coverb,coverb_with,戴楚楚往高宁想了,0
1680,coverb,coverb_with,包曼玉替张超调查了,1
1681,coverb,coverb_with,包曼玉拿张超调查了,0
1682,coverb,coverb_with,刘晓哲与戴楚楚攻击了吕小莲,1
1683,coverb,coverb_with,刘晓哲拿戴楚楚攻击了吕小莲,0
1684,coverb,coverb_with,张敏秀替邹雪辰清洗了医院,1
1685,coverb,coverb_with,张敏秀用邹雪辰清洗了医院,0
1686,coverb,coverb_with,王磊和仇一诺研究了大学校园,1
1687,coverb,coverb_with,王磊乘仇一诺研究了大学校园,0
1688,coverb,coverb_with,李悦跟沈佳宜警告了陈俊的足病医生,1
1689,coverb,coverb_with,李悦拿沈佳宜警告了陈俊的足病医生,0
1690,coverb,coverb_with,碟子和叶梓叨扰了赵文达的主管,1
1691,coverb,coverb_with,碟子搭叶梓叨扰了赵文达的主管,0
1692,coverb,coverb_with,关彤彤和李翔烦扰了王敏,1
1693,coverb,coverb_with,关彤彤从李翔烦扰了王敏,0
1694,coverb,coverb_with,张雨馨给张涛卖了鹿,1
1695,coverb,coverb_with,张雨馨用张涛卖了鹿,0
1696,coverb,coverb_with,江洋和石文静咯咯笑了,1
1697,coverb,coverb_with,江洋朝石文静咯咯笑了,0
1698,coverb,coverb_with,丁燕宁为宋兆旭验证了,1
1699,coverb,coverb_with,丁燕宁到宋兆旭验证了,0
1700,coverb,coverb_with,张兴和温斯顿·丘吉尔小声说了,1
1701,coverb,coverb_with,张兴冲温斯顿·丘吉尔小声说了,0
1702,coverb,coverb_with,孙一飞和方永晴拿了松饼,1
1703,coverb,coverb_with,孙一飞朝方永晴拿了松饼,0
1704,coverb,coverb_with,故事同有些参议员不同意了,1
1705,coverb,coverb_with,故事从有些参议员不同意了,0
1706,coverb,coverb_with,赵文达同卜泽伟揭示了,1
1707,coverb,coverb_with,赵文达往卜泽伟揭示了,0
1708,coverb,coverb_with,罗西替有些出纳员考虑了,1
1709,coverb,coverb_with,罗西对有些出纳员考虑了,0
1710,coverb,coverb_with,夏雨琳为张丽华吻了杨波,1
1711,coverb,coverb_with,夏雨琳冲张丽华吻了杨波,0
1712,coverb,coverb_with,王秀梅为那些参议员考虑了王超,1
1713,coverb,coverb_with,王秀梅在那些参议员考虑了王超,0
1714,coverb,coverb_with,杜嘉怡和董怡造访了郝良帅的哥哥,1
1715,coverb,coverb_with,杜嘉怡朝董怡造访了郝良帅的哥哥,0
1716,coverb,coverb_with,关彤彤同陈晶质疑了那些男服务员的父亲们,1
1717,coverb,coverb_with,关彤彤朝陈晶质疑了那些男服务员的父亲们,0
1718,coverb,coverb_with,高志民跟刁晨曦聊天了,1
1719,coverb,coverb_with,高志民由刁晨曦聊天了,0
1720,coverb,coverb_with,刘超跟李丹丹退出了杂货商店,1
1721,coverb,coverb_with,刘超用李丹丹退出了杂货商店,0
1722,coverb,coverb_with,魏新宇为这些人拿了高中,1
1723,coverb,coverb_with,魏新宇搭这些人拿了高中,0
1724,coverb,coverb_with,画画和李林尴尬了孙文,1
1725,coverb,coverb_with,画画于李林尴尬了孙文,0
1726,coverb,coverb_with,游欢欢同罗西洗了袜子,1
1727,coverb,coverb_with,游欢欢到罗西洗了袜子,0
1728,coverb,coverb_with,张秀兰与赵文达团聚了,1
1729,coverb,coverb_with,张秀兰由赵文达团聚了,0
1730,coverb,coverb_with,林泽轩给朱晓阳表演了,1
1731,coverb,coverb_with,林泽轩拿朱晓阳表演了,0
1732,coverb,coverb_with,徐黄替刘丽检查了宣传册,1
1733,coverb,coverb_with,徐黄搭刘丽检查了宣传册,0
1734,coverb,coverb_with,叶梓与这些女服务员合作了杨铭,1
1735,coverb,coverb_with,叶梓到这些女服务员合作了杨铭,0
1736,coverb,coverb_with,眼睛替王淑萍猛地打开了,1
1737,coverb,coverb_with,眼睛冲王淑萍猛地打开了,0
1738,coverb,coverb_with,书与程丽莎不同意了,1
1739,coverb,coverb_with,书用程丽莎不同意了,0
1740,coverb,coverb_with,刘颖同赵梦婷表演了,1
1741,coverb,coverb_with,刘颖到赵梦婷表演了,0
1742,coverb,coverb_with,郭佳茹替张涛看了薛雯,1
1743,coverb,coverb_with,郭佳茹坐张涛看了薛雯,0
1744,coverb,coverb_with,黄子婷与张光毅发现了,1
1745,coverb,coverb_with,黄子婷由张光毅发现了,0
1746,coverb,coverb_with,王淑珍为那个出纳员找了,1
1747,coverb,coverb_with,王淑珍向那个出纳员找了,0
1748,coverb,coverb_with,谭言与这个出纳员造访了王刚,1
1749,coverb,coverb_with,谭言于这个出纳员造访了王刚,0
1750,coverb,coverb_with,丁雅静和郭美美不喜欢了陈红,1
1751,coverb,coverb_with,丁雅静从郭美美不喜欢了陈红,0
1752,coverb,coverb_with,李春梅给孙龙建议了何冰冰,1
1753,coverb,coverb_with,李春梅往孙龙建议了何冰冰,0
1754,coverb,coverb_with,谢梦梦跟耶稣检查了徐洁的父亲,1
1755,coverb,coverb_with,谢梦梦乘耶稣检查了徐洁的父亲,0
1756,coverb,coverb_with,哈佛大学给有个医生组装了,1
1757,coverb,coverb_with,哈佛大学用有个医生组装了,0
1758,coverb,coverb_with,窗口给张婷关闭了,1
1759,coverb,coverb_with,窗口用张婷关闭了,0
1760,coverb,coverb_with,有些男服务员与高屹森委托了那些女服务员,1
1761,coverb,coverb_with,有些男服务员搭高屹森委托了那些女服务员,0
1762,coverb,coverb_with,姚美杏同李莫言扫描了论文,1
1763,coverb,coverb_with,姚美杏坐李莫言扫描了论文,0
1764,coverb,coverb_with,那个客人跟陈桂兰发现了,1
1765,coverb,coverb_with,那个客人坐陈桂兰发现了,0
1766,coverb,coverb_with,杨波替秦凯卖了刺激,1
1767,coverb,coverb_with,杨波拿秦凯卖了刺激,0
1768,coverb,coverb_with,那些女士与陈子涵去了医院,1
1769,coverb,coverb_with,那些女士冲陈子涵去了医院,0
1770,coverb,coverb_with,施月给郑沁欣证明了研究,1
1771,coverb,coverb_with,施月坐郑沁欣证明了研究,0
1772,coverb,coverb_with,伽利略与张秀兰谈了孙晓聪母亲,1
1773,coverb,coverb_with,伽利略向张秀兰谈了孙晓聪母亲,0
1774,coverb,coverb_with,崔兆亮给韩娟辩论了,1
1775,coverb,coverb_with,崔兆亮乘韩娟辩论了,0
1776,coverb,coverb_with,那些男服务员给伽利略检查了江洋的儿子,1
1777,coverb,coverb_with,那些男服务员用伽利略检查了江洋的儿子,0
1778,coverb,coverb_with,这些家伙和杨颖发现了,1
1779,coverb,coverb_with,这些家伙从杨颖发现了,0
1780,coverb,coverb_with,许好同徐黄隐瞒了王泽爽,1
1781,coverb,coverb_with,许好往徐黄隐瞒了王泽爽,0
1782,coverb,coverb_with,毛毅给王芳找了,1
1783,coverb,coverb_with,毛毅从王芳找了,0
1784,coverb,coverb_with,这个女演员与许凯预料了,1
1785,coverb,coverb_with,这个女演员搭许凯预料了,0
1786,coverb,coverb_with,张晓峰给那些老师回复了,1
1787,coverb,coverb_with,张晓峰到那些老师回复了,0
1788,coverb,coverb_with,王淑萍替林泽轩做饭了,1
1789,coverb,coverb_with,王淑萍于林泽轩做饭了,0
1790,coverb,coverb_with,黄秀英同蔡文璐卖了轴数,1
1791,coverb,coverb_with,黄秀英向蔡文璐卖了轴数,0
1792,coverb,coverb_with,卜泽伟给张红梅做饭了,1
1793,coverb,coverb_with,卜泽伟在张红梅做饭了,0
1794,coverb,coverb_with,黄秀英同张雨馨合作了刘雨欣,1
1795,coverb,coverb_with,黄秀英冲张雨馨合作了刘雨欣,0
1796,coverb,coverb_with,赵佳莹为李会召隐瞒了洪燕平的朋友,1
1797,coverb,coverb_with,赵佳莹对李会召隐瞒了洪燕平的朋友,0
1798,coverb,coverb_with,黄秀英同刘丽卖了沈佳宜的照片,1
1799,coverb,coverb_with,黄秀英向刘丽卖了沈佳宜的照片,0
1800,coverb,coverb_with,叶梓与郝良帅探明了,1
1801,coverb,coverb_with,叶梓朝郝良帅探明了,0
1802,coverb,coverb_with,这些男演员替方永晴卖了轴,1
1803,coverb,coverb_with,这些男演员于方永晴卖了轴,0
1804,coverb,coverb_with,郭佳茹同郝良帅需要了,1
1805,coverb,coverb_with,郭佳茹于郝良帅需要了,0
1806,coverb,coverb_with,卞紫薇跟舒婷洗了袜子,1
1807,coverb,coverb_with,卞紫薇乘舒婷洗了袜子,0
1808,coverb,coverb_with,王月跟张心仪找了苹果,1
1809,coverb,coverb_with,王月用张心仪找了苹果,0
1810,coverb,coverb_with,陈俊为有个参议员找了番茄,1
1811,coverb,coverb_with,陈俊由有个参议员找了番茄,0
1812,coverb,coverb_with,虞佳蓉为丁燕宁批评了有些出纳员,1
1813,coverb,coverb_with,虞佳蓉乘丁燕宁批评了有些出纳员,0
1814,coverb,coverb_with,郭瀚临替有些学生回应了,1
1815,coverb,coverb_with,郭瀚临朝有些学生回应了,0
1816,coverb,coverb_with,董玉洁替谢天天证明了爬上,1
1817,coverb,coverb_with,董玉洁往谢天天证明了爬上,0
1818,coverb,coverb_with,蔡昊和赵梦婷欣赏了包曼玉,1
1819,coverb,coverb_with,蔡昊到赵梦婷欣赏了包曼玉,0
1820,coverb,coverb_with,记录片跟那个青少年不同意了刘颖,1
1821,coverb,coverb_with,记录片拿那个青少年不同意了刘颖,0
1822,coverb,coverb_with,李翔给这些男服务员打破了镜子,1
1823,coverb,coverb_with,李翔到这些男服务员打破了镜子,0
1824,coverb,coverb_with,李淑华为有些顾客清洗了蜡烛,1
1825,coverb,coverb_with,李淑华从有些顾客清洗了蜡烛,0
1826,coverb,coverb_with,孙莹莹与吴美琳应付了,1
1827,coverb,coverb_with,孙莹莹往吴美琳应付了,0
1828,coverb,coverb_with,赵诗涵跟李小红回答了,1
1829,coverb,coverb_with,赵诗涵向李小红回答了,0
1830,coverb,coverb_with,郑沁欣和仇一诺消失了,1
1831,coverb,coverb_with,郑沁欣对仇一诺消失了,0
1832,coverb,coverb_with,王金凤与印象派消失了,1
1833,coverb,coverb_with,王金凤拿印象派消失了,0
1834,coverb,coverb_with,王金凤给谢梦梦反应了,1
1835,coverb,coverb_with,王金凤坐谢梦梦反应了,0
1836,coverb,coverb_with,那个出纳员和董玉洁打破了飞机,1
1837,coverb,coverb_with,那个出纳员拿董玉洁打破了飞机,0
1838,coverb,coverb_with,刘晓哲给王婷婷反应了,1
1839,coverb,coverb_with,刘晓哲由王婷婷反应了,0
1840,coverb,coverb_with,张心仪同路德教会合作了,1
1841,coverb,coverb_with,张心仪用路德教会合作了,0
1842,coverb,coverb_with,王磊替这些人撒谎了,1
1843,coverb,coverb_with,王磊拿这些人撒谎了,0
1844,coverb,coverb_with,博物馆跟王可馨建议了谈欣,1
1845,coverb,coverb_with,博物馆搭王可馨建议了谈欣,0
1846,coverb,coverb_with,刁晨曦替董怡表演了,1
1847,coverb,coverb_with,刁晨曦由董怡表演了,0
1848,coverb,coverb_with,杨敏娟跟汪乐知咧嘴笑了,1
1849,coverb,coverb_with,杨敏娟用汪乐知咧嘴笑了,0
1850,coverb,coverb_with,学校替刘聪聪描述了谭言的老师,1
1851,coverb,coverb_with,学校在刘聪聪描述了谭言的老师,0
1852,coverb,coverb_with,棒冰同耶稣烦扰了李桐,1
1853,coverb,coverb_with,棒冰用耶稣烦扰了李桐,0
1854,coverb,coverb_with,张兴为薛雯批评了张琴,1
1855,coverb,coverb_with,张兴向薛雯批评了张琴,0
1856,coverb,coverb_with,杨敏娟替这些医生打破了汽车,1
1857,coverb,coverb_with,杨敏娟从这些医生打破了汽车,0
1858,coverb,coverb_with,张雨馨跟李语嫣开车去了哈佛大学,1
1859,coverb,coverb_with,张雨馨对李语嫣开车去了哈佛大学,0
1860,coverb,coverb_with,韩娟给这些患者记住了电影,1
1861,coverb,coverb_with,韩娟用这些患者记住了电影,0
1862,coverb,coverb_with,崔兆亮替刘桂兰扫描了评论,1
1863,coverb,coverb_with,崔兆亮朝刘桂兰扫描了评论,0
1864,coverb,coverb_with,李倩倩为詹静芳吻了李哲的承包商,1
1865,coverb,coverb_with,李倩倩往詹静芳吻了李哲的承包商,0
1866,coverb,coverb_with,徐黄给林惠游览了绿洲,1
1867,coverb,coverb_with,徐黄在林惠游览了绿洲,0
1868,coverb,coverb_with,秦凯和这个医生逃离了杨芳,1
1869,coverb,coverb_with,秦凯冲这个医生逃离了杨芳,0
1870,coverb,coverb_with,叶凯琳同温斯顿·丘吉尔抵制了马可的美发师,1
1871,coverb,coverb_with,叶凯琳往温斯顿·丘吉尔抵制了马可的美发师,0
1872,coverb,coverb_with,何汉为王泽爽赢得了,1
1873,coverb,coverb_with,何汉对王泽爽赢得了,0
1874,coverb,coverb_with,眼睛为有些老人打开了,1
1875,coverb,coverb_with,眼睛向有些老人打开了,0
1876,coverb,coverb_with,毛妍纯跟朱晓阳做饭了,1
1877,coverb,coverb_with,毛妍纯于朱晓阳做饭了,0
1878,coverb,coverb_with,梁楠为刘霞回复了,1
1879,coverb,coverb_with,梁楠从刘霞回复了,0
1880,coverb,coverb_with,孟杰与王淑萍找了鱼,1
1881,coverb,coverb_with,孟杰从王淑萍找了鱼,0
1882,coverb,coverb_with,钱雨婷跟这个青少年恨了孙莹莹表亲,1
1883,coverb,coverb_with,钱雨婷朝这个青少年恨了孙莹莹表亲,0
1884,coverb,coverb_with,温斯顿·丘吉尔给那个客人表演了,1
1885,coverb,coverb_with,温斯顿·丘吉尔乘那个客人表演了,0
1886,coverb,coverb_with,汪乐知为王雅慧隐瞒了这个出纳员,1
1887,coverb,coverb_with,汪乐知从王雅慧隐瞒了这个出纳员,0
1888,coverb,coverb_with,大门给那些司机猛地打开了,1
1889,coverb,coverb_with,大门拿那些司机猛地打开了,0
1890,coverb,coverb_with,朱晓阳替杜嘉怡回答了,1
1891,coverb,coverb_with,朱晓阳拿杜嘉怡回答了,0
1892,coverb,coverb_with,虞佳蓉为姚美杏赞美了周敏娜,1
1893,coverb,coverb_with,虞佳蓉在姚美杏赞美了周敏娜,0
1894,coverb,coverb_with,于凯丽和陈桂兰想了隐藏,1
1895,coverb,coverb_with,于凯丽搭陈桂兰想了隐藏,0
1896,coverb,coverb_with,陈哲替赵唱吻了郭瀚临,1
1897,coverb,coverb_with,陈哲在赵唱吻了郭瀚临,0
1898,coverb,coverb_with,有些患者同这些成人担心了黄子萱,1
1899,coverb,coverb_with,有些患者坐这些成人担心了黄子萱,0
1900,coverb,coverb_with,庞华给李波证明了蒸发,1
1901,coverb,coverb_with,庞华在李波证明了蒸发,0
1902,coverb,coverb_with,王淑萍替马萌看了那个男子的表姐,1
1903,coverb,coverb_with,王淑萍拿马萌看了那个男子的表姐,0
1904,coverb,coverb_with,洪燕平同克林顿夫妇隐瞒了胡艺珍的书,1
1905,coverb,coverb_with,洪燕平从克林顿夫妇隐瞒了胡艺珍的书,0
1906,coverb,coverb_with,郑沁欣替关彤彤抱怨了高婷婷,1
1907,coverb,coverb_with,郑沁欣拿关彤彤抱怨了高婷婷,0
1908,coverb,coverb_with,韩娟给李波卖了购物中心,1
1909,coverb,coverb_with,韩娟用李波卖了购物中心,0
1910,coverb,coverb_with,窗口给詹静芳猛地打开了,1
1911,coverb,coverb_with,窗口朝詹静芳猛地打开了,0
1912,coverb,coverb_with,唐月同秦可岚卖了帽子,1
1913,coverb,coverb_with,唐月对秦可岚卖了帽子,0
1914,coverb,coverb_with,陈子涵和吕小莲知道了,1
1915,coverb,coverb_with,陈子涵搭吕小莲知道了,0
1916,coverb,coverb_with,王玉珍给王泽爽解释了那,1
1917,coverb,coverb_with,王玉珍用王泽爽解释了那,0
1918,coverb,coverb_with,黄敏替何冰冰打破了推车,1
1919,coverb,coverb_with,黄敏到何冰冰打破了推车,0
1920,coverb,coverb_with,耶稣给王梦举了李丹丹的图片,1
1921,coverb,coverb_with,耶稣冲王梦举了李丹丹的图片,0
1922,coverb,coverb_with,宋瑞芝与那个青少年小声说了,1
1923,coverb,coverb_with,宋瑞芝坐那个青少年小声说了,0
1924,coverb,coverb_with,魏新宇替于凯丽写了故事,1
1925,coverb,coverb_with,魏新宇到于凯丽写了故事,0
1926,coverb,coverb_with,温斯顿·丘吉尔与张杰问了这些女人的学员,1
1927,coverb,coverb_with,温斯顿·丘吉尔朝张杰问了这些女人的学员,0
1928,coverb,coverb_with,张婷与王磊叨扰了有些女服务员的客人,1
1929,coverb,coverb_with,张婷在王磊叨扰了有些女服务员的客人,0
1930,coverb,coverb_with,莫奈替伽利略攻击了李莫言,1
1931,coverb,coverb_with,莫奈由伽利略攻击了李莫言,0
1932,coverb,coverb_with,王芳给李天月打破了窗口,1
1933,coverb,coverb_with,王芳冲李天月打破了窗口,0
1934,coverb,coverb_with,郭瀚临给林棋反应了,1
1935,coverb,coverb_with,郭瀚临从林棋反应了,0
1936,coverb,coverb_with,杜嘉怡跟林棋失败了抵制,1
1937,coverb,coverb_with,杜嘉怡到林棋失败了抵制,0
1938,coverb,coverb_with,宋兆旭与卜泽伟烘烤了,1
1939,coverb,coverb_with,宋兆旭坐卜泽伟烘烤了,0
1940,coverb,coverb_with,石文静为王敏打破了滑板,1
1941,coverb,coverb_with,石文静往王敏打破了滑板,0
1942,coverb,coverb_with,宋瑞芝同邹雪辰改变了,1
1943,coverb,coverb_with,宋瑞芝拿邹雪辰改变了,0
1944,coverb,coverb_with,虞佳蓉给陈丽捐赠了,1
1945,coverb,coverb_with,虞佳蓉对陈丽捐赠了,0
1946,coverb,coverb_with,姚美杏给董玉洁辩论了,1
1947,coverb,coverb_with,姚美杏由董玉洁辩论了,0
1948,coverb,coverb_with,孙龙替李春梅拿了夹克,1
1949,coverb,coverb_with,孙龙搭李春梅拿了夹克,0
1950,coverb,coverb_with,张超给王金凤培养了,1
1951,coverb,coverb_with,张超向王金凤培养了,0
1952,coverb,coverb_with,张静跟这个司机宣布了,1
1953,coverb,coverb_with,张静从这个司机宣布了,0
1954,coverb,coverb_with,江洋同罗西打电话了,1
1955,coverb,coverb_with,江洋对罗西打电话了,0
1956,coverb,coverb_with,有些女人跟有些男服务员开车去了哈佛大学,1
1957,coverb,coverb_with,有些女人到有些男服务员开车去了哈佛大学,0
1958,coverb,coverb_with,张静和王婷婷清洗了猪肉,1
1959,coverb,coverb_with,张静冲王婷婷清洗了猪肉,0
1960,coverb,coverb_with,李丹丹为毛毅看了王慧母亲,1
1961,coverb,coverb_with,李丹丹向毛毅看了王慧母亲,0
1962,coverb,coverb_with,卞紫薇为林惠质疑了关彤彤的前男友,1
1963,coverb,coverb_with,卞紫薇冲林惠质疑了关彤彤的前男友,0
1964,coverb,coverb_with,金砚秋替有些男孩打破了杯子,1
1965,coverb,coverb_with,金砚秋拿有些男孩打破了杯子,0
1966,coverb,coverb_with,政府给叶梓组装了,1
1967,coverb,coverb_with,政府坐叶梓组装了,0
1968,coverb,coverb_with,庞华替李思彤打扫了眼镜,1
1969,coverb,coverb_with,庞华搭李思彤打扫了眼镜,0
1970,coverb,coverb_with,江洋和贾雨静考虑了胡艺珍,1
1971,coverb,coverb_with,江洋在贾雨静考虑了胡艺珍,0
1972,coverb,coverb_with,王婷婷和赵菁菁做饭了,1
1973,coverb,coverb_with,王婷婷坐赵菁菁做饭了,0
1974,coverb,coverb_with,何冰冰替郑沁欣调查了吴美琳的孙女,1
1975,coverb,coverb_with,何冰冰冲郑沁欣调查了吴美琳的孙女,0
1976,coverb,coverb_with,王筱雅给这些舞蹈家欢呼了,1
1977,coverb,coverb_with,王筱雅从这些舞蹈家欢呼了,0
1978,coverb,coverb_with,张晓峰跟王慧玩了,1
1979,coverb,coverb_with,张晓峰用王慧玩了,0
1980,coverb,coverb_with,李丹丹为王婷婷画画了,1
1981,coverb,coverb_with,李丹丹从王婷婷画画了,0
1982,coverb,coverb_with,包曼玉跟苏金燕质疑了汪乐知的钢琴老师,1
1983,coverb,coverb_with,包曼玉用苏金燕质疑了汪乐知的钢琴老师,0
1984,coverb,coverb_with,李悦和洪燕平判断了,1
1985,coverb,coverb_with,李悦对洪燕平判断了,0
1986,coverb,coverb_with,胡艺珍与王秀英发现了,1
1987,coverb,coverb_with,胡艺珍坐王秀英发现了,0
1988,coverb,coverb_with,马娟和杨芳去了山脉,1
1989,coverb,coverb_with,马娟朝杨芳去了山脉,0
1990,coverb,coverb_with,马良为魏新宇扫描了评论,1
1991,coverb,coverb_with,马良由魏新宇扫描了评论,0
1992,coverb,coverb_with,黄敏同赵诗涵合作了,1
1993,coverb,coverb_with,黄敏从赵诗涵合作了,0
1994,coverb,coverb_with,何冰冰给宋兆旭找了孙莹莹的前女友,1
1995,coverb,coverb_with,何冰冰在宋兆旭找了孙莹莹的前女友,0
1996,coverb,coverb_with,徐黄同这些女孩说出来了,1
1997,coverb,coverb_with,徐黄向这些女孩说出来了,0
1998,coverb,coverb_with,李春梅同张红梅学习了,1
1999,coverb,coverb_with,李春梅拿张红梅学习了,0
