name,run_id_minimal_pair_analysis_fr,state_minimal_pair_analysis_fr,seed_minimal_pair_analysis_fr,model_name_minimal_pair_analysis_fr,dataset_name_minimal_pair_analysis_fr,compute_subcat_bool_minimal_pair_analysis_fr,_runtime_minimal_pair_analysis_fr,_step_minimal_pair_analysis_fr,_timestamp_minimal_pair_analysis_fr,_wandb_minimal_pair_analysis_fr,test_minimal_pair_analysis_fr,run_id_minimal_pair_analysis_multiblimp,state_minimal_pair_analysis_multiblimp,seed_minimal_pair_analysis_multiblimp,model_name_minimal_pair_analysis_multiblimp,dataset_name_minimal_pair_analysis_multiblimp,compute_subcat_bool_minimal_pair_analysis_multiblimp,_runtime_minimal_pair_analysis_multiblimp,_step_minimal_pair_analysis_multiblimp,_timestamp_minimal_pair_analysis_multiblimp,_wandb_minimal_pair_analysis_multiblimp,test_minimal_pair_analysis_multiblimp
camembert-base,cd8qvbmb,finished,42,almanach/camembert-base,frblimp,True,2.285400605,0,1737295207.172337,{'runtime': 2},"{'accuracy': 57.07, 'accuracy_per_subcat': {'1': 59.79, '10': 51.65, '11': 60, '12': 64, '13': 43.75, '14': 28.87, '15': 91.67, '16': 100, '17': 90, '18': 96.67, '19': 75, '2': 44.21, '20': 1.59, '3': 45.36, '4': 67.71, '5': 56.57, '6': 42.27, '7': 81.58, '8': 49.06, '9': 35.4}}",w2kqeq5u,finished,42,almanach/camembert-base,qfrcola,False,8,0,1757734437.9634778,{'runtime': 8},{'accuracy': 50.98}
camembert-large,zaapff5j,finished,42,almanach/camembert-large,frblimp,True,2.578536167,0,1737295216.8623898,{'runtime': 2},"{'accuracy': 53.89, 'accuracy_per_subcat': {'1': 48.45, '10': 52.75, '11': 65, '12': 52, '13': 35.42, '14': 22.68, '15': 93.33, '16': 100, '17': 90, '18': 95, '19': 65, '2': 38.95, '20': 0, '3': 42.27, '4': 62.5, '5': 30.3, '6': 49.48, '7': 82.46, '8': 55.66, '9': 40.71}}",6e44rd08,finished,42,almanach/camembert-large,qfrcola,False,15,0,1757734463.8656566,{'runtime': 15},{'accuracy': 56.86}
bert-base-french-europeana-cased,mkehebo2,finished,42,dbmdz/bert-base-french-europeana-cased,frblimp,True,18.036031228,0,1737295241.0959933,{'runtime': 18},"{'accuracy': 61.56, 'accuracy_per_subcat': {'1': 63.92, '10': 48.35, '11': 68, '12': 74, '13': 40.62, '14': 27.84, '15': 90, '16': 88.33, '17': 88.33, '18': 91.67, '19': 71.67, '2': 68.42, '20': 1.59, '3': 47.42, '4': 77.08, '5': 54.55, '6': 49.48, '7': 83.33, '8': 61.32, '9': 56.64}}",ta9m86yn,finished,42,dbmdz/bert-base-french-europeana-cased,qfrcola,False,10,0,1757734484.865406,{'runtime': 10},{'accuracy': 74.12}
xlm-roberta-base,fisfqbj8,finished,42,FacebookAI/xlm-roberta-base,frblimp,True,3.793394235,0,1737295251.0480108,{'runtime': 3},"{'accuracy': 50.94, 'accuracy_per_subcat': {'1': 55.67, '10': 56.04, '11': 71, '12': 61, '13': 55.21, '14': 36.08, '15': 43.33, '16': 26.67, '17': 25, '18': 60, '19': 26.67, '2': 67.37, '20': 50.79, '3': 46.39, '4': 58.33, '5': 29.29, '6': 53.61, '7': 61.4, '8': 51.89, '9': 53.1}}",mqep6ife,finished,42,FacebookAI/xlm-roberta-base,qfrcola,False,13,0,1757734508.8007388,{'runtime': 13},{'accuracy': 56.08}
xlm-roberta-large,egd3puyp,finished,42,FacebookAI/xlm-roberta-large,frblimp,True,4.126532907,0,1737295265.870916,{'runtime': 4},"{'accuracy': 72.69, 'accuracy_per_subcat': {'1': 63.92, '10': 68.13, '11': 82, '12': 92, '13': 68.75, '14': 58.76, '15': 76.67, '16': 88.33, '17': 73.33, '18': 68.33, '19': 56.67, '2': 82.11, '20': 55.56, '3': 79.38, '4': 84.38, '5': 68.69, '6': 72.16, '7': 75.44, '8': 68.87, '9': 64.6}}",uojhxovx,finished,42,FacebookAI/xlm-roberta-large,qfrcola,False,23,0,1757734542.6379502,{'runtime': 23},{'accuracy': 78.04}
Chocolatine-14B-Instruct-DPO-v1.2,im672eca,finished,42,jpacifico/Chocolatine-14B-Instruct-DPO-v1.2,frblimp,True,379.943756361,0,1737295651.9877665,{'runtime': 379},"{'accuracy': 88.02, 'accuracy_per_subcat': {'1': 90.72, '10': 90.11, '11': 94, '12': 99, '13': 84.38, '14': 81.44, '15': 86.67, '16': 88.33, '17': 88.33, '18': 76.67, '19': 78.33, '2': 97.89, '20': 44.44, '3': 93.81, '4': 95.83, '5': 95.96, '6': 94.85, '7': 92.11, '8': 88.68, '9': 76.11}}",xe4c9cls,finished,42,jpacifico/Chocolatine-14B-Instruct-DPO-v1.2,qfrcola,False,309,0,1757734861.7242727,{'runtime': 309},{'accuracy': 97.65}
French-Alpaca-Llama3-8B-Instruct-v1.0,wntid8l1,finished,42,jpacifico/French-Alpaca-Llama3-8B-Instruct-v1.0,frblimp,True,472.551259052,0,1737296509.6998112,{'runtime': 472},"{'accuracy': 87.05, 'accuracy_per_subcat': {'1': 92.78, '10': 87.91, '11': 90, '12': 96, '13': 85.42, '14': 85.57, '15': 80, '16': 96.67, '17': 88.33, '18': 86.67, '19': 75, '2': 90.53, '20': 28.57, '3': 95.88, '4': 93.75, '5': 96.97, '6': 92.78, '7': 91.23, '8': 89.62, '9': 74.34}}",o4va2yy7,finished,42,jpacifico/French-Alpaca-Llama3-8B-Instruct-v1.0,qfrcola,False,203,0,1757735450.973489,{'runtime': 203},{'accuracy': 92.94}
Lucie-7B,3ok9h2t9,finished,42,OpenLLM-France/Lucie-7B,frblimp,True,184.964251354,0,1737296700.8942926,{'runtime': 184},"{'accuracy': 90.01, 'accuracy_per_subcat': {'1': 89.69, '10': 96.7, '11': 94, '12': 100, '13': 83.33, '14': 89.69, '15': 90, '16': 98.33, '17': 93.33, '18': 95, '19': 75, '2': 98.95, '20': 39.68, '3': 95.88, '4': 96.88, '5': 98.99, '6': 94.85, '7': 96.49, '8': 92.45, '9': 66.37}}",2jq1ri7x,finished,42,OpenLLM-France/Lucie-7B,qfrcola,False,160,0,1757735621.1109302,{'runtime': 160},{'accuracy': 99.22}
Lucie-7B-Instruct-human-data,v63mh7w0,finished,42,OpenLLM-France/Lucie-7B-Instruct-human-data,frblimp,True,179.137078065,0,1737297079.075107,{'runtime': 179},"{'accuracy': 83.02, 'accuracy_per_subcat': {'1': 76.29, '10': 90.11, '11': 85, '12': 94, '13': 76.04, '14': 75.26, '15': 86.67, '16': 98.33, '17': 91.67, '18': 96.67, '19': 71.67, '2': 83.16, '20': 15.87, '3': 94.85, '4': 89.58, '5': 96.97, '6': 92.78, '7': 91.23, '8': 86.79, '9': 57.52}}",fg946f7j,finished,42,OpenLLM-France/Lucie-7B-Instruct-human-data,qfrcola,False,68,0,1757747775.1098337,{'runtime': 68},{'accuracy': 94.51}
Claire-7B-FR-Instruct-0.1,glt1fgcv,finished,42,OpenLLM-France/Claire-7B-FR-Instruct-0.1,frblimp,True,610.448446136,0,1737297695.770977,{'runtime': 610},"{'accuracy': 89.32, 'accuracy_per_subcat': {'1': 92.78, '10': 96.7, '11': 92, '12': 99, '13': 87.5, '14': 81.44, '15': 91.67, '16': 95, '17': 88.33, '18': 81.67, '19': 76.67, '2': 97.89, '20': 38.1, '3': 97.94, '4': 97.92, '5': 97.98, '6': 96.91, '7': 95.61, '8': 91.51, '9': 69.03}}",wgrkhbpg,finished,42,OpenLLM-France/Claire-7B-FR-Instruct-0.1,qfrcola,False,149,0,1757736122.5609913,{'runtime': 149},{'accuracy': 97.65}
gpt2,mjy5dfoj,finished,42,gpt2,frblimp,True,17.153201915,0,1737297719.2409668,{'runtime': 17},"{'accuracy': 58.6, 'accuracy_per_subcat': {'1': 58.76, '10': 46.15, '11': 71, '12': 49, '13': 51.04, '14': 36.08, '15': 70, '16': 55, '17': 63.33, '18': 66.67, '19': 58.33, '2': 56.84, '20': 22.22, '3': 71.13, '4': 66.67, '5': 85.86, '6': 60.82, '7': 70.18, '8': 50, '9': 55.75}}",j07diuq8,finished,42,gpt2,qfrcola,False,9,0,1757736142.0995195,{'runtime': 9},{'accuracy': 66.67}
llama-3-8B-bnb-4bit,6dlxqcnt,finished,42,unsloth/llama-3-8B-bnb-4bit,frblimp,True,183.462328691,0,1737297908.7729664,{'runtime': 183},"{'accuracy': 89.1, 'accuracy_per_subcat': {'1': 92.78, '10': 92.31, '11': 90, '12': 95, '13': 86.46, '14': 89.69, '15': 93.33, '16': 98.33, '17': 95, '18': 88.33, '19': 73.33, '2': 96.84, '20': 31.75, '3': 98.97, '4': 95.83, '5': 97.98, '6': 92.78, '7': 96.49, '8': 89.62, '9': 69.91}}",f3u5f11u,finished,42,unsloth/llama-3-8B-bnb-4bit,qfrcola,False,95,0,1757736247.3321006,{'runtime': 95},{'accuracy': 97.65}
llama-3-8B-Instruct-bnb-4bit,xloyjagx,finished,42,unsloth/llama-3-8B-Instruct-bnb-4bit,frblimp,True,183.553317066,0,1737298098.5877836,{'runtime': 183},"{'accuracy': 88.47, 'accuracy_per_subcat': {'1': 93.81, '10': 96.7, '11': 92, '12': 97, '13': 88.54, '14': 87.63, '15': 93.33, '16': 90, '17': 96.67, '18': 85, '19': 66.67, '2': 92.63, '20': 38.1, '3': 95.88, '4': 95.83, '5': 100, '6': 91.75, '7': 88.6, '8': 90.57, '9': 69.91}}",ff31a6ms,finished,42,unsloth/llama-3-8B-Instruct-bnb-4bit,qfrcola,False,86,0,1757736344.065886,{'runtime': 86},{'accuracy': 95.69}
llama-3-70b-bnb-4bit,46chidc9,finished,42,unsloth/llama-3-70b-bnb-4bit,frblimp,True,1645.357260414,0,1737299750.2446055,{'runtime': 1645},"{'accuracy': 88.25, 'accuracy_per_subcat': {'1': 91.75, '10': 92.31, '11': 92, '12': 95, '13': 84.38, '14': 85.57, '15': 93.33, '16': 98.33, '17': 86.67, '18': 90, '19': 71.67, '2': 93.68, '20': 38.1, '3': 94.85, '4': 95.83, '5': 97.98, '6': 95.88, '7': 96.49, '8': 87.74, '9': 67.26}}",tr7siqzn,finished,42,unsloth/llama-3-70b-bnb-4bit,qfrcola,False,610,0,1757736964.7275257,{'runtime': 610},{'accuracy': 98.43}
llama-3-70b-Instruct-bnb-4bit,6himmtwz,finished,42,unsloth/llama-3-70b-Instruct-bnb-4bit,frblimp,True,1624.19722601,0,1737301381.0738285,{'runtime': 1624},"{'accuracy': 87.68, 'accuracy_per_subcat': {'1': 90.72, '10': 97.8, '11': 89, '12': 95, '13': 80.21, '14': 84.54, '15': 98.33, '16': 98.33, '17': 91.67, '18': 88.33, '19': 68.33, '2': 94.74, '20': 30.16, '3': 95.88, '4': 95.83, '5': 97.98, '6': 92.78, '7': 85.09, '8': 91.51, '9': 72.57}}",nr1ojfyk,finished,42,unsloth/llama-3-70b-Instruct-bnb-4bit,qfrcola,False,616,0,1757737591.2342885,{'runtime': 616},{'accuracy': 94.12}
Meta-Llama-3.1-8B-bnb-4bit,kyg7458j,finished,42,unsloth/Meta-Llama-3.1-8B-bnb-4bit,frblimp,True,183.74907571,0,1737301571.3249056,{'runtime': 183},"{'accuracy': 87.85, 'accuracy_per_subcat': {'1': 90.72, '10': 92.31, '11': 89, '12': 96, '13': 82.29, '14': 85.57, '15': 85, '16': 100, '17': 95, '18': 80, '19': 75, '2': 94.74, '20': 31.75, '3': 97.94, '4': 95.83, '5': 96.97, '6': 92.78, '7': 94.74, '8': 87.74, '9': 73.45}}",5iqwva6v,finished,42,unsloth/Meta-Llama-3.1-8B-bnb-4bit,qfrcola,False,86,0,1757737687.804494,{'runtime': 86},{'accuracy': 96.47}
Meta-Llama-3.1-8B-Instruct-bnb-4bit,ij17nfsb,finished,42,unsloth/Meta-Llama-3.1-8B-Instruct-bnb-4bit,frblimp,True,186.254615941,0,1737301763.9286673,{'runtime': 186},"{'accuracy': 88.7, 'accuracy_per_subcat': {'1': 91.75, '10': 93.41, '11': 92, '12': 96, '13': 84.38, '14': 87.63, '15': 90, '16': 98.33, '17': 91.67, '18': 83.33, '19': 71.67, '2': 94.74, '20': 30.16, '3': 96.91, '4': 96.88, '5': 97.98, '6': 93.81, '7': 93.86, '8': 87.74, '9': 78.76}}",s30nbwjq,finished,42,unsloth/Meta-Llama-3.1-8B-Instruct-bnb-4bit,qfrcola,False,85,0,1757737783.201833,{'runtime': 85},{'accuracy': 98.04}
Meta-Llama-3.1-70B,jb3hst9t,finished,42,unsloth/Meta-Llama-3.1-70B,frblimp,True,1646.986058931,0,1737303417.2974014,{'runtime': 1646},"{'accuracy': 89.44, 'accuracy_per_subcat': {'1': 91.75, '10': 93.41, '11': 92, '12': 96, '13': 82.29, '14': 86.6, '15': 96.67, '16': 100, '17': 86.67, '18': 86.67, '19': 68.33, '2': 96.84, '20': 49.21, '3': 94.85, '4': 93.75, '5': 97.98, '6': 94.85, '7': 94.74, '8': 94.34, '9': 75.22}}",rh3vkmj8,finished,42,unsloth/Meta-Llama-3.1-70B,qfrcola,False,610,0,1757738404.0688922,{'runtime': 610},{'accuracy': 97.25}
Meta-Llama-3.1-70B-Instruct,wuwmxcpi,finished,42,unsloth/Meta-Llama-3.1-70B-Instruct,frblimp,True,1640.919945215,0,1737305064.829208,{'runtime': 1640},"{'accuracy': 88.64, 'accuracy_per_subcat': {'1': 91.75, '10': 91.21, '11': 95, '12': 93, '13': 83.33, '14': 90.72, '15': 95, '16': 100, '17': 88.33, '18': 91.67, '19': 73.33, '2': 94.74, '20': 41.27, '3': 93.81, '4': 95.83, '5': 96.97, '6': 95.88, '7': 89.47, '8': 88.68, '9': 70.8}}",hrmux2d8,finished,42,unsloth/Meta-Llama-3.1-70B-Instruct,qfrcola,False,625,0,1757739162.0903533,{'runtime': 625},{'accuracy': 95.69}
Llama-3.2-1B-bnb-4bit,7twe33yk,finished,42,unsloth/Llama-3.2-1B-bnb-4bit,frblimp,True,94.865642449,0,1737305166.3532288,{'runtime': 94},"{'accuracy': 85.12, 'accuracy_per_subcat': {'1': 88.66, '10': 87.91, '11': 87, '12': 93, '13': 82.29, '14': 85.57, '15': 91.67, '16': 91.67, '17': 90, '18': 73.33, '19': 73.33, '2': 89.47, '20': 19.05, '3': 94.85, '4': 91.67, '5': 98.99, '6': 90.72, '7': 90.35, '8': 84.91, '9': 73.45}}",grbsy7zo,finished,42,unsloth/Llama-3.2-1B-bnb-4bit,qfrcola,False,30,0,1757739264.5461245,{'runtime': 30},{'accuracy': 94.9}
Llama-3.2-1B-Instruct-bnb-4bit,s11liyoi,finished,42,unsloth/Llama-3.2-1B-Instruct-bnb-4bit,frblimp,True,93.372771713,0,1737305266.0099287,{'runtime': 93},"{'accuracy': 82.85, 'accuracy_per_subcat': {'1': 87.63, '10': 84.62, '11': 88, '12': 95, '13': 82.29, '14': 82.47, '15': 76.67, '16': 88.33, '17': 86.67, '18': 60, '19': 66.67, '2': 88.42, '20': 19.05, '3': 92.78, '4': 94.79, '5': 98.99, '6': 92.78, '7': 82.46, '8': 85.85, '9': 69.03}}",arsvogbl,finished,42,unsloth/Llama-3.2-1B-Instruct-bnb-4bit,qfrcola,False,35,0,1757739361.9385526,{'runtime': 35},{'accuracy': 90.98}
Llama-3.2-3B-bnb-4bit,qsdowzh3,finished,42,unsloth/Llama-3.2-3B-bnb-4bit,frblimp,True,158.47887444,0,1737305430.8408952,{'runtime': 158},"{'accuracy': 88.02, 'accuracy_per_subcat': {'1': 92.78, '10': 93.41, '11': 89, '12': 96, '13': 88.54, '14': 89.69, '15': 90, '16': 95, '17': 93.33, '18': 93.33, '19': 73.33, '2': 93.68, '20': 20.63, '3': 96.91, '4': 93.75, '5': 100, '6': 91.75, '7': 93.86, '8': 87.74, '9': 68.14}}",zizw28fu,finished,42,unsloth/Llama-3.2-3B-bnb-4bit,qfrcola,False,50,0,1757739449.4742608,{'runtime': 50},{'accuracy': 96.86}
Llama-3.2-3B-Instruct-bnb-4bit,dxbjt451,finished,42,unsloth/Llama-3.2-3B-Instruct-bnb-4bit,frblimp,True,159.234095592,0,1737305596.3194742,{'runtime': 159},"{'accuracy': 86.6, 'accuracy_per_subcat': {'1': 93.81, '10': 87.91, '11': 88, '12': 94, '13': 82.29, '14': 88.66, '15': 91.67, '16': 95, '17': 86.67, '18': 80, '19': 76.67, '2': 91.58, '20': 22.22, '3': 95.88, '4': 93.75, '5': 97.98, '6': 93.81, '7': 91.23, '8': 87.74, '9': 70.8}}",v6ks63fw,finished,42,unsloth/Llama-3.2-3B-Instruct-bnb-4bit,qfrcola,False,50,0,1757739543.2595818,{'runtime': 50},{'accuracy': 95.69}
bloom-560m,iudtw2ze,finished,42,bigscience/bloom-560m,frblimp,True,203.155737372,0,1737305805.7900455,{'runtime': 203},"{'accuracy': 85.52, 'accuracy_per_subcat': {'1': 89.69, '10': 91.21, '11': 90, '12': 97, '13': 84.38, '14': 97.94, '15': 81.67, '16': 90, '17': 76.67, '18': 76.67, '19': 80, '2': 90.53, '20': 20.63, '3': 98.97, '4': 92.71, '5': 95.96, '6': 91.75, '7': 88.6, '8': 85.85, '9': 61.95}}",3hqypvix,finished,42,bigscience/bloom-560m,qfrcola,False,35,0,1757739596.9755218,{'runtime': 35},{'accuracy': 96.86}
bloom-1b1,qfe3oo2p,finished,42,bigscience/bloom-1b1,frblimp,True,205.87265267,0,1737306017.9120493,{'runtime': 205},"{'accuracy': 86.37, 'accuracy_per_subcat': {'1': 88.66, '10': 91.21, '11': 91, '12': 98, '13': 81.25, '14': 97.94, '15': 81.67, '16': 90, '17': 80, '18': 81.67, '19': 85, '2': 95.79, '20': 25.4, '3': 97.94, '4': 91.67, '5': 97.98, '6': 93.81, '7': 87.72, '8': 82.08, '9': 65.49}}",t6a360dh,finished,42,bigscience/bloom-1b1,qfrcola,False,75,0,1757739756.6358988,{'runtime': 75},{'accuracy': 97.65}
bloom-1b7,8qz6d04i,finished,42,bigscience/bloom-1b7,frblimp,True,212.297069866,0,1737306236.469133,{'runtime': 212},"{'accuracy': 87.85, 'accuracy_per_subcat': {'1': 88.66, '10': 93.41, '11': 91, '12': 100, '13': 80.21, '14': 97.94, '15': 86.67, '16': 96.67, '17': 80, '18': 81.67, '19': 83.33, '2': 97.89, '20': 28.57, '3': 97.94, '4': 92.71, '5': 96.97, '6': 94.85, '7': 91.23, '8': 85.85, '9': 69.03}}",vi6bcqoa,finished,42,bigscience/bloom-1b7,qfrcola,False,85,0,1757739939.0084023,{'runtime': 85},{'accuracy': 98.43}
bloom-7b1,h97k3ecm,finished,42,bigscience/bloom-7b1,frblimp,True,279.223032893,0,1737306521.901564,{'runtime': 279},"{'accuracy': 88.53, 'accuracy_per_subcat': {'1': 91.75, '10': 92.31, '11': 95, '12': 100, '13': 85.42, '14': 97.94, '15': 80, '16': 96.67, '17': 83.33, '18': 81.67, '19': 83.33, '2': 94.74, '20': 42.86, '3': 96.91, '4': 91.67, '5': 95.96, '6': 92.78, '7': 93.86, '8': 84.91, '9': 69.03}}",9pnov42x,finished,42,bigscience/bloom-7b1,qfrcola,False,228,0,1757740216.0773284,{'runtime': 228},{'accuracy': 98.43}
bloomz-560m,z6zs1k28,finished,42,bigscience/bloomz-560m,frblimp,True,202.49223717,0,1737306730.627175,{'runtime': 202},"{'accuracy': 84.1, 'accuracy_per_subcat': {'1': 85.57, '10': 91.21, '11': 86, '12': 97, '13': 81.25, '14': 97.94, '15': 78.33, '16': 88.33, '17': 73.33, '18': 71.67, '19': 85, '2': 90.53, '20': 23.81, '3': 93.81, '4': 91.67, '5': 96.97, '6': 91.75, '7': 86.84, '8': 83.96, '9': 60.18}}",pjyty4l4,finished,42,bigscience/bloomz-560m,qfrcola,False,48,0,1757740324.3211446,{'runtime': 48},{'accuracy': 92.94}
bloomz-1b1,lzyh0hmm,finished,42,bigscience/bloomz-1b1,frblimp,True,207.538841666,0,1737306944.459627,{'runtime': 207},"{'accuracy': 86.37, 'accuracy_per_subcat': {'1': 83.51, '10': 89.01, '11': 91, '12': 99, '13': 82.29, '14': 96.91, '15': 78.33, '16': 86.67, '17': 76.67, '18': 81.67, '19': 85, '2': 95.79, '20': 39.68, '3': 97.94, '4': 91.67, '5': 96.97, '6': 94.85, '7': 90.35, '8': 85.85, '9': 61.95}}",uth2anko,finished,42,bigscience/bloomz-1b1,qfrcola,False,63,0,1757740476.4393215,{'runtime': 63},{'accuracy': 96.08}
Qwen2.5-0.5B-bnb-4bit,4j3fg8su,finished,42,unsloth/Qwen2.5-0.5B-bnb-4bit,frblimp,True,137.177668007,0,1737307087.9438236,{'runtime': 137},"{'accuracy': 83.02, 'accuracy_per_subcat': {'1': 86.6, '10': 85.71, '11': 88, '12': 91, '13': 79.17, '14': 70.1, '15': 95, '16': 90, '17': 95, '18': 71.67, '19': 73.33, '2': 85.26, '20': 22.22, '3': 93.81, '4': 92.71, '5': 98.99, '6': 87.63, '7': 87.72, '8': 83.02, '9': 67.26}}",ijfps5d8,finished,42,unsloth/Qwen2.5-0.5B-bnb-4bit,qfrcola,False,31,0,1757740523.1612356,{'runtime': 31},{'accuracy': 93.33}
Qwen2.5-0.5B-Instruct-bnb-4bit,5g7ump53,finished,42,unsloth/Qwen2.5-0.5B-Instruct-bnb-4bit,frblimp,True,137.000868892,0,1737307231.183246,{'runtime': 137},"{'accuracy': 82.74, 'accuracy_per_subcat': {'1': 86.6, '10': 82.42, '11': 87, '12': 91, '13': 81.25, '14': 72.16, '15': 88.33, '16': 88.33, '17': 91.67, '18': 66.67, '19': 70, '2': 87.37, '20': 23.81, '3': 94.85, '4': 95.83, '5': 97.98, '6': 91.75, '7': 84.21, '8': 83.96, '9': 67.26}}",i0sqewdr,finished,42,unsloth/Qwen2.5-0.5B-Instruct-bnb-4bit,qfrcola,False,31,0,1757740564.551653,{'runtime': 31},{'accuracy': 92.94}
Qwen2.5-1.5B-bnb-4bit,ukzu9yg8,finished,42,unsloth/Qwen2.5-1.5B-bnb-4bit,frblimp,True,162.102782029,0,1737307399.5605445,{'runtime': 162},"{'accuracy': 87.22, 'accuracy_per_subcat': {'1': 91.75, '10': 86.81, '11': 90, '12': 94, '13': 81.25, '14': 88.66, '15': 91.67, '16': 93.33, '17': 91.67, '18': 81.67, '19': 80, '2': 88.42, '20': 31.75, '3': 95.88, '4': 97.92, '5': 98.99, '6': 96.91, '7': 89.47, '8': 89.62, '9': 68.14}}",qhr5zr37,finished,42,unsloth/Qwen2.5-1.5B-bnb-4bit,qfrcola,False,41,0,1757740616.2538483,{'runtime': 41},{'accuracy': 93.73}
Qwen2.5-1.5B-Instruct-bnb-4bit,vkqiy4to,finished,42,unsloth/Qwen2.5-1.5B-Instruct-bnb-4bit,frblimp,True,159.628409847,0,1737307565.4571865,{'runtime': 159},"{'accuracy': 86.83, 'accuracy_per_subcat': {'1': 92.78, '10': 87.91, '11': 86, '12': 94, '13': 81.25, '14': 86.6, '15': 88.33, '16': 90, '17': 91.67, '18': 80, '19': 75, '2': 87.37, '20': 39.68, '3': 96.91, '4': 95.83, '5': 100, '6': 93.81, '7': 91.23, '8': 89.62, '9': 69.91}}",in4fg8u6,finished,42,unsloth/Qwen2.5-1.5B-Instruct-bnb-4bit,qfrcola,False,42,0,1757740668.9859955,{'runtime': 42},{'accuracy': 92.94}
Qwen2.5-3B-bnb-4bit,l5q9vzy2,finished,42,unsloth/Qwen2.5-3B-bnb-4bit,frblimp,True,202.401578747,0,1737307774.203076,{'runtime': 202},"{'accuracy': 88.42, 'accuracy_per_subcat': {'1': 91.75, '10': 92.31, '11': 93, '12': 95, '13': 81.25, '14': 82.47, '15': 91.67, '16': 100, '17': 91.67, '18': 88.33, '19': 73.33, '2': 95.79, '20': 34.92, '3': 97.94, '4': 96.88, '5': 98.99, '6': 93.81, '7': 93.86, '8': 87.74, '9': 71.68}}",y8yas97z,finished,42,unsloth/Qwen2.5-3B-bnb-4bit,qfrcola,False,57,0,1757740736.6676006,{'runtime': 57},{'accuracy': 94.9}
Qwen2.5-3B-Instruct-bnb-4bit,ye74f29j,finished,42,unsloth/Qwen2.5-3B-Instruct-bnb-4bit,frblimp,True,202.187921014,0,1737307982.6493316,{'runtime': 202},"{'accuracy': 88.07, 'accuracy_per_subcat': {'1': 91.75, '10': 91.21, '11': 91, '12': 95, '13': 82.29, '14': 82.47, '15': 88.33, '16': 96.67, '17': 86.67, '18': 88.33, '19': 71.67, '2': 95.79, '20': 44.44, '3': 97.94, '4': 96.88, '5': 98.99, '6': 93.81, '7': 93.86, '8': 86.79, '9': 70.8}}",2zqwurng,finished,42,unsloth/Qwen2.5-3B-Instruct-bnb-4bit,qfrcola,False,57,0,1757740804.639853,{'runtime': 57},{'accuracy': 94.9}
Qwen2.5-7B-bnb-4bit,d9arvp24,finished,42,unsloth/Qwen2.5-7B-bnb-4bit,frblimp,True,168.180555287,0,1737308157.1099608,{'runtime': 168},"{'accuracy': 89.66, 'accuracy_per_subcat': {'1': 94.85, '10': 92.31, '11': 93, '12': 98, '13': 82.29, '14': 90.72, '15': 93.33, '16': 96.67, '17': 91.67, '18': 85, '19': 81.67, '2': 97.89, '20': 42.86, '3': 94.85, '4': 97.92, '5': 98.99, '6': 96.91, '7': 95.61, '8': 85.85, '9': 69.03}}",w6t51nva,finished,42,unsloth/Qwen2.5-7B-bnb-4bit,qfrcola,False,85,0,1757740900.509131,{'runtime': 85},{'accuracy': 96.47}
Qwen2.5-7B-Instruct-bnb-4bit,u302to72,finished,42,unsloth/Qwen2.5-7B-Instruct-bnb-4bit,frblimp,True,167.419684462,0,1737308330.781145,{'runtime': 167},"{'accuracy': 89.32, 'accuracy_per_subcat': {'1': 94.85, '10': 92.31, '11': 90, '12': 99, '13': 81.25, '14': 89.69, '15': 88.33, '16': 95, '17': 91.67, '18': 86.67, '19': 73.33, '2': 98.95, '20': 52.38, '3': 94.85, '4': 96.88, '5': 97.98, '6': 96.91, '7': 94.74, '8': 88.68, '9': 68.14}}",ggg8om8h,finished,42,unsloth/Qwen2.5-7B-Instruct-bnb-4bit,qfrcola,False,86,0,1757740997.1111438,{'runtime': 86},{'accuracy': 97.25}
Qwen2.5-14B-bnb-4bit,zho9kcdq,finished,42,unsloth/Qwen2.5-14B-bnb-4bit,frblimp,True,310.679894328,0,1737308647.742585,{'runtime': 310},"{'accuracy': 88.93, 'accuracy_per_subcat': {'1': 93.81, '10': 94.51, '11': 89, '12': 97, '13': 84.38, '14': 90.72, '15': 86.67, '16': 95, '17': 85, '18': 86.67, '19': 78.33, '2': 97.89, '20': 33.33, '3': 98.97, '4': 96.88, '5': 95.96, '6': 95.88, '7': 95.61, '8': 90.57, '9': 69.91}}",8e2392xp,finished,42,unsloth/Qwen2.5-14B-bnb-4bit,qfrcola,False,145,0,1757741153.0113487,{'runtime': 145},{'accuracy': 96.86}
Qwen2.5-14B-Instruct-bnb-4bit,1at11fm5,finished,42,unsloth/Qwen2.5-14B-Instruct-bnb-4bit,frblimp,True,311.749339845,0,1737308965.820861,{'runtime': 311},"{'accuracy': 89.1, 'accuracy_per_subcat': {'1': 93.81, '10': 91.21, '11': 91, '12': 97, '13': 86.46, '14': 91.75, '15': 85, '16': 95, '17': 86.67, '18': 85, '19': 76.67, '2': 96.84, '20': 38.1, '3': 97.94, '4': 95.83, '5': 95.96, '6': 95.88, '7': 95.61, '8': 91.51, '9': 71.68}}",uwnbejp6,finished,42,unsloth/Qwen2.5-14B-Instruct-bnb-4bit,qfrcola,False,145,0,1757741308.961795,{'runtime': 145},{'accuracy': 97.65}
Qwen2.5-32B-bnb-4bit,enw3nluv,finished,42,unsloth/Qwen2.5-32B-bnb-4bit,frblimp,True,729.501346548,0,1737309701.8292396,{'runtime': 729},"{'accuracy': 90.29, 'accuracy_per_subcat': {'1': 93.81, '10': 93.41, '11': 91, '12': 98, '13': 86.46, '14': 89.69, '15': 91.67, '16': 98.33, '17': 86.67, '18': 90, '19': 80, '2': 98.95, '20': 47.62, '3': 96.91, '4': 96.88, '5': 96.97, '6': 97.94, '7': 98.25, '8': 91.51, '9': 67.26}}",tpbajmo2,finished,42,unsloth/Qwen2.5-32B-bnb-4bit,qfrcola,False,306,0,1757741625.6368802,{'runtime': 306},{'accuracy': 97.65}
Qwen2.5-32B-Instruct-bnb-4bit,qmudmhui,finished,42,unsloth/Qwen2.5-32B-Instruct-bnb-4bit,frblimp,True,729.836675007,0,1737310438.0640256,{'runtime': 729},"{'accuracy': 90.23, 'accuracy_per_subcat': {'1': 92.78, '10': 95.6, '11': 87, '12': 98, '13': 87.5, '14': 90.72, '15': 90, '16': 96.67, '17': 88.33, '18': 88.33, '19': 81.67, '2': 97.89, '20': 47.62, '3': 96.91, '4': 96.88, '5': 97.98, '6': 96.91, '7': 97.37, '8': 93.4, '9': 68.14}}",5e001d59,finished,42,unsloth/Qwen2.5-32B-Instruct-bnb-4bit,qfrcola,False,305,0,1757741993.0413046,{'runtime': 305},{'accuracy': 96.47}
Qwen2.5-72B-Instruct-bnb-4bit,qojbetwa,finished,42,unsloth/Qwen2.5-72B-Instruct-bnb-4bit,frblimp,True,1697.627731291,0,1737312142.1086762,{'runtime': 1697},"{'accuracy': 89.72, 'accuracy_per_subcat': {'1': 93.81, '10': 92.31, '11': 91, '12': 97, '13': 81.25, '14': 91.75, '15': 91.67, '16': 98.33, '17': 90, '18': 88.33, '19': 70, '2': 98.95, '20': 57.14, '3': 94.85, '4': 97.92, '5': 97.98, '6': 94.85, '7': 93.86, '8': 91.51, '9': 69.03}}",l6zg4db8,finished,42,unsloth/Qwen2.5-72B-Instruct-bnb-4bit,qfrcola,False,670,0,1757742673.9390678,{'runtime': 670},{'accuracy': 98.82}
Qwen2.5-72B-bnb-4bit,wzbr9wxz,finished,42,unsloth/Qwen2.5-72B-bnb-4bit,frblimp,True,1694.644933196,0,1737313843.4299226,{'runtime': 1694},"{'accuracy': 90.52, 'accuracy_per_subcat': {'1': 93.81, '10': 95.6, '11': 94, '12': 99, '13': 83.33, '14': 89.69, '15': 90, '16': 98.33, '17': 91.67, '18': 90, '19': 78.33, '2': 98.95, '20': 60.32, '3': 94.85, '4': 97.92, '5': 98.99, '6': 95.88, '7': 96.49, '8': 89.62, '9': 64.6}}",el66vquj,finished,42,unsloth/Qwen2.5-72B-bnb-4bit,qfrcola,False,672,0,1757743391.4544115,{'runtime': 672},{'accuracy': 98.43}
SmolLM2-360M,un9jq2n2,finished,42,HuggingFaceTB/SmolLM2-360M,frblimp,True,174.386727359,0,1737314024.4661891,{'runtime': 174},"{'accuracy': 72.35, 'accuracy_per_subcat': {'1': 74.23, '10': 65.93, '11': 72, '12': 85, '13': 69.79, '14': 75.26, '15': 88.33, '16': 65, '17': 78.33, '18': 55, '19': 66.67, '2': 72.63, '20': 9.52, '3': 85.57, '4': 84.38, '5': 97.98, '6': 71.13, '7': 81.58, '8': 61.32, '9': 61.95}}",uuy2vk03,finished,42,HuggingFaceTB/SmolLM2-360M,qfrcola,False,38,0,1757743534.2630007,{'runtime': 38},{'accuracy': 89.02}
SmolLM2-360M-Instruct,5i0abo4l,finished,42,HuggingFaceTB/SmolLM2-360M-Instruct,frblimp,True,174.34555101,0,1737314205.0193846,{'runtime': 174},"{'accuracy': 70.53, 'accuracy_per_subcat': {'1': 75.26, '10': 59.34, '11': 74, '12': 80, '13': 70.83, '14': 79.38, '15': 88.33, '16': 60, '17': 68.33, '18': 51.67, '19': 60, '2': 72.63, '20': 7.94, '3': 86.6, '4': 79.17, '5': 96.97, '6': 69.07, '7': 75.44, '8': 61.32, '9': 62.83}}",83ywa6p1,finished,42,HuggingFaceTB/SmolLM2-360M-Instruct,qfrcola,False,37,0,1757743582.3274815,{'runtime': 37},{'accuracy': 84.71}
SmolLM2-135M,pbxp87qe,finished,42,HuggingFaceTB/SmolLM2-135M,frblimp,True,165.543476366,0,1737314376.901454,{'runtime': 165},"{'accuracy': 67.75, 'accuracy_per_subcat': {'1': 67.01, '10': 63.74, '11': 68, '12': 78, '13': 60.42, '14': 58.76, '15': 91.67, '16': 66.67, '17': 70, '18': 53.33, '19': 68.33, '2': 68.42, '20': 1.59, '3': 85.57, '4': 79.17, '5': 95.96, '6': 54.64, '7': 82.46, '8': 59.43, '9': 61.06}}",otlemjha,finished,42,HuggingFaceTB/SmolLM2-135M,qfrcola,False,32,0,1757743624.7563934,{'runtime': 32},{'accuracy': 80.78}
SmolLM2-135M-Instruct,oibitni8,finished,42,HuggingFaceTB/SmolLM2-135M-Instruct,frblimp,True,164.436077287,0,1737314547.5287657,{'runtime': 164},"{'accuracy': 65.59, 'accuracy_per_subcat': {'1': 70.1, '10': 61.54, '11': 67, '12': 71, '13': 61.46, '14': 72.16, '15': 71.67, '16': 48.33, '17': 61.67, '18': 61.67, '19': 55, '2': 64.21, '20': 15.87, '3': 83.51, '4': 72.92, '5': 96.97, '6': 47.42, '7': 79.82, '8': 60.38, '9': 58.41}}",38tyrfhz,finished,42,HuggingFaceTB/SmolLM2-135M-Instruct,qfrcola,False,32,0,1757743667.761647,{'runtime': 32},{'accuracy': 75.69}
SmolLM2-1.7B,8afno7yt,finished,42,HuggingFaceTB/SmolLM2-1.7B,frblimp,True,131.545624044,0,1737314685.322133,{'runtime': 131},"{'accuracy': 78.25, 'accuracy_per_subcat': {'1': 75.26, '10': 80.22, '11': 82, '12': 93, '13': 72.92, '14': 71.13, '15': 88.33, '16': 78.33, '17': 78.33, '18': 63.33, '19': 75, '2': 81.05, '20': 1.59, '3': 90.72, '4': 91.67, '5': 98.99, '6': 84.54, '7': 81.58, '8': 79.25, '9': 68.14}}",gohpmtav,finished,42,HuggingFaceTB/SmolLM2-1.7B,qfrcola,False,53,0,1757743731.438872,{'runtime': 53},{'accuracy': 94.51}
SmolLM2-1.7B-Instruct,b70sj388,finished,42,HuggingFaceTB/SmolLM2-1.7B-Instruct,frblimp,True,132.305029201,0,1737314823.8997278,{'runtime': 132},"{'accuracy': 77.74, 'accuracy_per_subcat': {'1': 83.51, '10': 76.92, '11': 77, '12': 92, '13': 78.12, '14': 77.32, '15': 81.67, '16': 80, '17': 80, '18': 66.67, '19': 71.67, '2': 80, '20': 3.17, '3': 86.6, '4': 91.67, '5': 95.96, '6': 81.44, '7': 78.07, '8': 79.25, '9': 65.49}}",xkv30inn,finished,42,HuggingFaceTB/SmolLM2-1.7B-Instruct,qfrcola,False,53,0,1757743794.688737,{'runtime': 53},{'accuracy': 94.12}
Phi-3.5-mini-instruct-bnb-4bit,q6g6oac5,finished,42,unsloth/Phi-3.5-mini-instruct-bnb-4bit,frblimp,True,176.83715312,0,1737315006.9851098,{'runtime': 176},"{'accuracy': 86.6, 'accuracy_per_subcat': {'1': 88.66, '10': 85.71, '11': 90, '12': 97, '13': 83.33, '14': 80.41, '15': 90, '16': 88.33, '17': 90, '18': 63.33, '19': 70, '2': 93.68, '20': 36.51, '3': 97.94, '4': 96.88, '5': 98.99, '6': 93.81, '7': 93.86, '8': 89.62, '9': 74.34}}",v5k8ehng,finished,42,unsloth/Phi-3.5-mini-instruct-bnb-4bit,qfrcola,False,53,0,1757743858.2095351,{'runtime': 53},{'accuracy': 94.9}
Phi-3-mini-4k-instruct,kcp0p5ec,finished,42,microsoft/Phi-3-mini-4k-instruct,frblimp,True,176.258430952,0,1737315189.4636085,{'runtime': 176},"{'accuracy': 86.31, 'accuracy_per_subcat': {'1': 88.66, '10': 85.71, '11': 92, '12': 97, '13': 82.29, '14': 82.47, '15': 85, '16': 93.33, '17': 83.33, '18': 78.33, '19': 73.33, '2': 93.68, '20': 41.27, '3': 96.91, '4': 96.88, '5': 95.96, '6': 91.75, '7': 89.47, '8': 88.68, '9': 69.03}}",1zvxr894,finished,42,microsoft/Phi-3-mini-4k-instruct,qfrcola,False,53,0,1757743922.251084,{'runtime': 53},{'accuracy': 96.86}
gemma-2-2b-bnb-4bit,5ch5aw1g,finished,42,unsloth/gemma-2-2b-bnb-4bit,frblimp,True,164.475404971,0,1737315360.2346866,{'runtime': 164},"{'accuracy': 86.26, 'accuracy_per_subcat': {'1': 85.57, '10': 91.21, '11': 88, '12': 96, '13': 79.17, '14': 76.29, '15': 95, '16': 96.67, '17': 91.67, '18': 90, '19': 75, '2': 96.84, '20': 28.57, '3': 95.88, '4': 93.75, '5': 98.99, '6': 89.69, '7': 92.11, '8': 87.74, '9': 65.49}}",z8in8wan,finished,42,unsloth/gemma-2-2b-bnb-4bit,qfrcola,False,64,0,1757743996.948496,{'runtime': 64},{'accuracy': 96.86}
gemma-2-2b-it-bnb-4bit,rnldwvds,finished,42,unsloth/gemma-2-2b-it-bnb-4bit,frblimp,True,162.739384107,0,1737315529.4649374,{'runtime': 162},"{'accuracy': 84.95, 'accuracy_per_subcat': {'1': 83.51, '10': 91.21, '11': 85, '12': 93, '13': 83.33, '14': 79.38, '15': 91.67, '16': 96.67, '17': 90, '18': 83.33, '19': 70, '2': 91.58, '20': 22.22, '3': 95.88, '4': 95.83, '5': 100, '6': 88.66, '7': 88.6, '8': 86.79, '9': 65.49}}",h9bbc5jm,finished,42,unsloth/gemma-2-2b-it-bnb-4bit,qfrcola,False,54,0,1757744061.9596558,{'runtime': 54},{'accuracy': 95.69}
gemma-2-9b-bnb-4bit,yeg5meek,finished,42,unsloth/gemma-2-9b-bnb-4bit,frblimp,True,260.671885191,0,1737315796.4366157,{'runtime': 260},"{'accuracy': 88.36, 'accuracy_per_subcat': {'1': 88.66, '10': 93.41, '11': 90, '12': 98, '13': 81.25, '14': 81.44, '15': 98.33, '16': 100, '17': 95, '18': 91.67, '19': 81.67, '2': 95.79, '20': 30.16, '3': 94.85, '4': 95.83, '5': 97.98, '6': 92.78, '7': 94.74, '8': 89.62, '9': 67.26}}",gt7erljq,finished,42,unsloth/gemma-2-9b-bnb-4bit,qfrcola,False,108,0,1757744180.9619477,{'runtime': 108},{'accuracy': 97.25}
gemma-2-9b-it-bnb-4bit,1d4vubbm,finished,42,unsloth/gemma-2-9b-it-bnb-4bit,frblimp,True,263.379588216,0,1737316066.2329133,{'runtime': 263},"{'accuracy': 86.77, 'accuracy_per_subcat': {'1': 87.63, '10': 89.01, '11': 91, '12': 94, '13': 78.12, '14': 82.47, '15': 98.33, '16': 95, '17': 93.33, '18': 93.33, '19': 80, '2': 92.63, '20': 41.27, '3': 96.91, '4': 93.75, '5': 98.99, '6': 87.63, '7': 85.96, '8': 85.85, '9': 67.26}}",b8l5h80t,finished,42,unsloth/gemma-2-9b-it-bnb-4bit,qfrcola,False,116,0,1757744307.7056973,{'runtime': 116},{'accuracy': 93.73}
gemma-2-27b-bnb-4bit,9wq1aeem,finished,42,unsloth/gemma-2-27b-bnb-4bit,frblimp,True,629.636256132,0,1737316702.271932,{'runtime': 629},"{'accuracy': 89.1, 'accuracy_per_subcat': {'1': 84.54, '10': 97.8, '11': 92, '12': 98, '13': 81.25, '14': 83.51, '15': 95, '16': 98.33, '17': 96.67, '18': 93.33, '19': 81.67, '2': 97.89, '20': 38.1, '3': 96.91, '4': 97.92, '5': 96.97, '6': 96.91, '7': 97.37, '8': 83.96, '9': 66.37}}",363fvfyb,finished,42,unsloth/gemma-2-27b-bnb-4bit,qfrcola,False,251,0,1757744570.2005038,{'runtime': 251},{'accuracy': 98.04}
gemma-2-27b-it-bnb-4bit,zvh0eooa,finished,42,unsloth/gemma-2-27b-it-bnb-4bit,frblimp,True,629.253250401,0,1737317337.9365244,{'runtime': 629},"{'accuracy': 86.54, 'accuracy_per_subcat': {'1': 88.66, '10': 94.51, '11': 88, '12': 93, '13': 77.08, '14': 84.54, '15': 91.67, '16': 98.33, '17': 93.33, '18': 91.67, '19': 83.33, '2': 87.37, '20': 33.33, '3': 96.91, '4': 95.83, '5': 96.97, '6': 91.75, '7': 91.23, '8': 85.85, '9': 61.95}}",iry4rtgt,finished,42,unsloth/gemma-2-27b-it-bnb-4bit,qfrcola,False,252,0,1757744833.3178742,{'runtime': 252},{'accuracy': 96.47}
Ministral-8B-Instruct-2410,x60j68gv,finished,42,mistralai/Ministral-8B-Instruct-2410,frblimp,True,204.674402795,0,1737317549.0711455,{'runtime': 204},"{'accuracy': 87.96, 'accuracy_per_subcat': {'1': 85.57, '10': 91.21, '11': 93, '12': 98, '13': 81.25, '14': 91.75, '15': 91.67, '16': 98.33, '17': 91.67, '18': 93.33, '19': 85, '2': 92.63, '20': 30.16, '3': 96.91, '4': 96.88, '5': 95.96, '6': 95.88, '7': 94.74, '8': 87.74, '9': 58.41}}",98jiqwu5,finished,42,mistralai/Ministral-8B-Instruct-2410,qfrcola,False,167,0,1757745011.3534029,{'runtime': 167},{'accuracy': 98.43}
Mistral-7B-v0.3-bnb-4bit,ipu9n6dt,finished,42,unsloth/Mistral-7B-v0.3-bnb-4bit,frblimp,True,180.528898949,0,1737317735.9660006,{'runtime': 180},"{'accuracy': 85.86, 'accuracy_per_subcat': {'1': 86.6, '10': 91.21, '11': 91, '12': 95, '13': 82.29, '14': 82.47, '15': 88.33, '16': 93.33, '17': 90, '18': 85, '19': 73.33, '2': 91.58, '20': 26.98, '3': 95.88, '4': 93.75, '5': 95.96, '6': 92.78, '7': 90.35, '8': 83.02, '9': 69.91}}",d1z8kso9,finished,42,unsloth/Mistral-7B-v0.3-bnb-4bit,qfrcola,False,73,0,1757745095.093589,{'runtime': 73},{'accuracy': 97.65}
Mistral-7B-Instruct-v0.3-bnb-4bit,ileq5im9,finished,42,unsloth/Mistral-7B-Instruct-v0.3-bnb-4bit,frblimp,True,180.178793072,0,1737317922.4367597,{'runtime': 180},"{'accuracy': 86.54, 'accuracy_per_subcat': {'1': 90.72, '10': 91.21, '11': 90, '12': 96, '13': 84.38, '14': 79.38, '15': 88.33, '16': 95, '17': 90, '18': 91.67, '19': 76.67, '2': 94.74, '20': 26.98, '3': 96.91, '4': 93.75, '5': 95.96, '6': 89.69, '7': 87.72, '8': 88.68, '9': 68.14}}",894fobyu,finished,42,unsloth/Mistral-7B-Instruct-v0.3-bnb-4bit,qfrcola,False,71,0,1757745177.3718734,{'runtime': 71},{'accuracy': 97.25}
Mistral-Small-Instruct-2409-bnb-4bit,n4v735rd,finished,42,unsloth/Mistral-Small-Instruct-2409-bnb-4bit,frblimp,True,490.259594003,0,1737318425.7912295,{'runtime': 490},"{'accuracy': 88.7, 'accuracy_per_subcat': {'1': 91.75, '10': 92.31, '11': 94, '12': 98, '13': 84.38, '14': 86.6, '15': 86.67, '16': 98.33, '17': 86.67, '18': 90, '19': 80, '2': 95.79, '20': 39.68, '3': 95.88, '4': 95.83, '5': 97.98, '6': 91.75, '7': 96.49, '8': 89.62, '9': 66.37}}",4fu4sltp,finished,42,unsloth/Mistral-Small-Instruct-2409-bnb-4bit,qfrcola,False,195,0,1757745383.319517,{'runtime': 195},{'accuracy': 99.61}
Mistral-Nemo-Instruct-2407-bnb-4bit,e0y1i76k,finished,42,unsloth/Mistral-Nemo-Instruct-2407-bnb-4bit,frblimp,True,253.504759455,0,1737318685.618836,{'runtime': 253},"{'accuracy': 88.25, 'accuracy_per_subcat': {'1': 85.57, '10': 92.31, '11': 92, '12': 97, '13': 81.25, '14': 92.78, '15': 90, '16': 98.33, '17': 90, '18': 88.33, '19': 80, '2': 93.68, '20': 36.51, '3': 98.97, '4': 98.96, '5': 97.98, '6': 95.88, '7': 93.86, '8': 89.62, '9': 59.29}}",tswcjozp,finished,42,unsloth/Mistral-Nemo-Instruct-2407-bnb-4bit,qfrcola,False,122,0,1757745516.3080568,{'runtime': 122},{'accuracy': 97.25}
aya-expanse-8b,zrdir0kq,finished,42,CohereForAI/aya-expanse-8b,frblimp,True,186.900978349,0,1737325202.8296075,{'runtime': 186},"{'accuracy': 78.71, 'accuracy_per_subcat': {'1': 82.47, '10': 87.91, '11': 84, '12': 94, '13': 77.08, '14': 91.75, '15': 73.33, '16': 66.67, '17': 76.67, '18': 71.67, '19': 70, '2': 83.16, '20': 25.4, '3': 83.51, '4': 89.58, '5': 96.97, '6': 72.16, '7': 82.46, '8': 75.47, '9': 60.18}}",cnay8sed,finished,42,CohereForAI/aya-expanse-8b,qfrcola,False,196,0,1757745723.0900178,{'runtime': 196},{'accuracy': 98.04}
aya-23-8b,nofaqulp,finished,42,CohereForAI/aya-23-8b,frblimp,True,186.834099693,0,1737325396.0037782,{'runtime': 186},"{'accuracy': 77.51, 'accuracy_per_subcat': {'1': 84.54, '10': 82.42, '11': 80, '12': 90, '13': 72.92, '14': 88.66, '15': 76.67, '16': 73.33, '17': 83.33, '18': 65, '19': 70, '2': 81.05, '20': 20.63, '3': 84.54, '4': 92.71, '5': 96.97, '6': 69.07, '7': 80.7, '8': 70.75, '9': 61.95}}",2w5f52ue,finished,42,CohereForAI/aya-23-8b,qfrcola,False,199,0,1757745932.9846165,{'runtime': 199},{'accuracy': 98.04}
flan-t5-small,xrk9f57j,finished,42,google/flan-t5-small,frblimp,True,195.31795136,0,1737325597.6998415,{'runtime': 195},"{'accuracy': 51.62, 'accuracy_per_subcat': {'1': 59.79, '10': 39.56, '11': 57, '12': 57, '13': 51.04, '14': 37.11, '15': 25, '16': 26.67, '17': 25, '18': 35, '19': 65, '2': 50.53, '20': 47.62, '3': 47.42, '4': 61.46, '5': 67.68, '6': 55.67, '7': 71.93, '8': 66.04, '9': 47.79}}",6nh47az0,finished,42,google/flan-t5-small,qfrcola,False,29,0,1757746696.148867,{'runtime': 29},{'accuracy': 62.75}
flan-t5-base,itibxfzi,finished,42,google/flan-t5-base,frblimp,True,287.684895179,0,1737325891.6592095,{'runtime': 287},"{'accuracy': 59.8, 'accuracy_per_subcat': {'1': 79.38, '10': 60.44, '11': 70, '12': 82, '13': 58.33, '14': 53.61, '15': 10, '16': 20, '17': 18.33, '18': 21.67, '19': 73.33, '2': 67.37, '20': 23.81, '3': 70.1, '4': 78.12, '5': 81.82, '6': 58.76, '7': 65.79, '8': 70.75, '9': 57.52}}",p6t5gldy,finished,42,google/flan-t5-base,qfrcola,False,47,0,1757746753.149024,{'runtime': 47},{'accuracy': 70.59}
flan-t5-large,volq11ys,finished,42,google/flan-t5-large,frblimp,True,542.028604031,0,1737326439.9486222,{'runtime': 542},"{'accuracy': 60.65, 'accuracy_per_subcat': {'1': 78.35, '10': 53.85, '11': 78, '12': 75, '13': 53.12, '14': 70.1, '15': 18.33, '16': 30, '17': 20, '18': 23.33, '19': 66.67, '2': 64.21, '20': 52.38, '3': 62.89, '4': 54.17, '5': 89.9, '6': 73.2, '7': 78.95, '8': 63.21, '9': 46.02}}",40qx0gfp,finished,42,google/flan-t5-large,qfrcola,False,99,0,1757746863.1911232,{'runtime': 99},{'accuracy': 74.51}
flan-t5-xl,y89jpbtf,finished,42,google/flan-t5-xl,frblimp,True,558.343175532,0,1737327004.574649,{'runtime': 558},"{'accuracy': 63.77, 'accuracy_per_subcat': {'1': 83.51, '10': 58.24, '11': 82, '12': 72, '13': 56.25, '14': 74.23, '15': 25, '16': 43.33, '17': 45, '18': 60, '19': 63.33, '2': 78.95, '20': 33.33, '3': 68.04, '4': 58.33, '5': 92.93, '6': 53.61, '7': 81.58, '8': 58.49, '9': 44.25}}",p7sk0yix,finished,42,google/flan-t5-xl,qfrcola,False,173,0,1757747046.7823954,{'runtime': 173},{'accuracy': 72.16}
flan-t5-xxl,gif57zck,finished,42,google/flan-t5-xxl,frblimp,True,574.116909787,0,1737327584.9301755,{'runtime': 574},"{'accuracy': 62.52, 'accuracy_per_subcat': {'1': 74.23, '10': 48.35, '11': 77, '12': 74, '13': 53.12, '14': 57.73, '15': 55, '16': 68.33, '17': 45, '18': 65, '19': 63.33, '2': 68.42, '20': 31.75, '3': 52.58, '4': 60.42, '5': 79.8, '6': 67.01, '7': 73.68, '8': 65.09, '9': 51.33}}",9ccr44a1,finished,42,google/flan-t5-xxl,qfrcola,False,488,0,1757747546.6702597,{'runtime': 488},{'accuracy': 65.88}
Aléatoire,82bdmj99,finished,42,Aléatoire,frblimp,True,0.530888755,0,1737495556.388374,{'runtime': 0},"{'accuracy': 49.4, 'accuracy_per_subcat': {'1': 51.55, '10': 47.25, '11': 54, '12': 55, '13': 50, '14': 49.48, '15': 41.67, '16': 51.67, '17': 40, '18': 53.33, '19': 43.33, '2': 49.47, '20': 55.56, '3': 42.27, '4': 53.12, '5': 45.45, '6': 37.11, '7': 54.39, '8': 53.77, '9': 53.1}}",tz7x6gjd,finished,42,Aléatoire,qfrcola,False,0,0,1757753338.024927,{'runtime': 0},{'accuracy': 49.41}
DeepSeek-R1-Distill-Qwen-7B-bnb-4bit,4tws3fjt,finished,42,unsloth/DeepSeek-R1-Distill-Qwen-7B-bnb-4bit,frblimp,True,320.297537742,0,1737986304.371493,{'runtime': 320},"{'accuracy': 76.38, 'accuracy_per_subcat': {'1': 80.41, '10': 71.43, '11': 83, '12': 88, '13': 69.79, '14': 81.44, '15': 66.67, '16': 85, '17': 78.33, '18': 61.67, '19': 50, '2': 80, '20': 36.51, '3': 95.88, '4': 86.46, '5': 94.95, '6': 85.57, '7': 76.32, '8': 73.58, '9': 55.75}}",f2poa4fp,finished,42,unsloth/DeepSeek-R1-Distill-Qwen-7B-bnb-4bit,qfrcola,False,89,0,1757746033.0838785,{'runtime': 89},{'accuracy': 83.92}
DeepSeek-R1-Distill-Llama-8B-bnb-4bit,qphhbv3y,finished,42,unsloth/DeepSeek-R1-Distill-Llama-8B-bnb-4bit,frblimp,True,289.394749341,0,1737986600.39553,{'runtime': 289},"{'accuracy': 83.25, 'accuracy_per_subcat': {'1': 91.75, '10': 86.81, '11': 90, '12': 96, '13': 81.25, '14': 81.44, '15': 78.33, '16': 93.33, '17': 80, '18': 75, '19': 65, '2': 91.58, '20': 33.33, '3': 95.88, '4': 93.75, '5': 94.95, '6': 86.6, '7': 76.32, '8': 88.68, '9': 61.95}}",il2obsm1,finished,42,unsloth/DeepSeek-R1-Distill-Llama-8B-bnb-4bit,qfrcola,False,87,0,1757746131.2932017,{'runtime': 87},{'accuracy': 94.9}
DeepSeek-R1-Distill-Qwen-14B-unsloth-bnb-4bit,tbsznsck,finished,42,unsloth/DeepSeek-R1-Distill-Qwen-14B-unsloth-bnb-4bit,frblimp,True,587.896592982,0,1737987194.9502847,{'runtime': 587},"{'accuracy': 87.68, 'accuracy_per_subcat': {'1': 91.75, '10': 85.71, '11': 93, '12': 98, '13': 77.08, '14': 88.66, '15': 83.33, '16': 93.33, '17': 83.33, '18': 86.67, '19': 73.33, '2': 95.79, '20': 47.62, '3': 97.94, '4': 96.88, '5': 97.98, '6': 95.88, '7': 86.84, '8': 92.45, '9': 69.03}}",1apep1e8,finished,42,unsloth/DeepSeek-R1-Distill-Qwen-14B-unsloth-bnb-4bit,qfrcola,False,199,0,1757746341.2031944,{'runtime': 199},{'accuracy': 92.94}
DeepSeek-R1-Distill-Qwen-32B-bnb-4bit,sc1j2izo,finished,42,unsloth/DeepSeek-R1-Distill-Qwen-32B-bnb-4bit,frblimp,True,1124.243450961,0,1737988328.491577,{'runtime': 1124},"{'accuracy': 87.96, 'accuracy_per_subcat': {'1': 92.78, '10': 90.11, '11': 92, '12': 98, '13': 84.38, '14': 85.57, '15': 85, '16': 98.33, '17': 81.67, '18': 88.33, '19': 66.67, '2': 95.79, '20': 57.14, '3': 96.91, '4': 92.71, '5': 94.95, '6': 93.81, '7': 92.11, '8': 88.68, '9': 68.14}}",yqczqy24,finished,42,unsloth/DeepSeek-R1-Distill-Qwen-32B-bnb-4bit,qfrcola,False,304,0,1757746656.280315,{'runtime': 304},{'accuracy': 96.08}
phi-4-unsloth-bnb-4bit,r2l8t7a8,finished,42,unsloth/phi-4-unsloth-bnb-4bit,qfrcola,True,279.555867532,0,1752369214.3816752,{'runtime': 279},"{'accuracy': 89.89, 'accuracy_per_subcat': {'1': 92.78, '10': 95.6, '11': 93, '12': 99, '13': 82.29, '14': 92.78, '15': 83.33, '16': 96.67, '17': 86.67, '18': 88.33, '19': 71.67, '2': 98.95, '20': 49.21, '3': 96.91, '4': 96.88, '5': 96.97, '6': 97.94, '7': 97.37, '8': 88.68, '9': 71.68}}",foe5wzgj,finished,42,unsloth/phi-4-unsloth-bnb-4bit,qfrcola,False,162,0,1757747948.45053,{'runtime': 162},{'accuracy': 98.04}
Deepthink-Reasoning-7B,0tse6dak,finished,42,prithivMLmods/Deepthink-Reasoning-7B,qfrcola,True,152.753494156,0,1752369373.8639495,{'runtime': 152},"{'accuracy': 88.98, 'accuracy_per_subcat': {'1': 93.81, '10': 91.21, '11': 90, '12': 99, '13': 81.25, '14': 88.66, '15': 86.67, '16': 93.33, '17': 88.33, '18': 86.67, '19': 73.33, '2': 98.95, '20': 53.97, '3': 94.85, '4': 97.92, '5': 96.97, '6': 96.91, '7': 94.74, '8': 89.62, '9': 67.26}}",phhqcrwo,finished,42,prithivMLmods/Deepthink-Reasoning-7B,qfrcola,False,176,0,1757748135.2546062,{'runtime': 176},{'accuracy': 97.65}
Deepthink-Reasoning-14B,2ynspbvb,finished,42,prithivMLmods/Deepthink-Reasoning-14B,qfrcola,True,291.650054506,0,1752369672.145469,{'runtime': 291},"{'accuracy': 88.64, 'accuracy_per_subcat': {'1': 92.78, '10': 92.31, '11': 92, '12': 98, '13': 83.33, '14': 90.72, '15': 80, '16': 93.33, '17': 85, '18': 86.67, '19': 76.67, '2': 96.84, '20': 38.1, '3': 97.94, '4': 94.79, '5': 95.96, '6': 95.88, '7': 94.74, '8': 91.51, '9': 71.68}}",63wc12nc,finished,42,prithivMLmods/Deepthink-Reasoning-14B,qfrcola,False,316,0,1757748462.5453646,{'runtime': 316},{'accuracy': 97.65}
s1.1-32B,5fvyb1uz,finished,42,simplescaling/s1.1-32B,qfrcola,True,733.993633138,0,1752370413.0078497,{'runtime': 733},"{'accuracy': 89.84, 'accuracy_per_subcat': {'1': 93.81, '10': 93.41, '11': 87, '12': 98, '13': 87.5, '14': 88.66, '15': 85, '16': 98.33, '17': 85, '18': 91.67, '19': 78.33, '2': 98.95, '20': 49.21, '3': 96.91, '4': 96.88, '5': 96.97, '6': 96.91, '7': 96.49, '8': 92.45, '9': 69.03}}",hiyoaxu6,finished,42,simplescaling/s1.1-32B,qfrcola,False,1278,0,1757749750.905698,{'runtime': 1278},{'accuracy': 96.86}
QwQ-32B-unsloth-bnb-4bit,actd0bbd,finished,42,unsloth/QwQ-32B-unsloth-bnb-4bit,qfrcola,True,855.049915283,0,1752371280.7644844,{'runtime': 855},"{'accuracy': 89.61, 'accuracy_per_subcat': {'1': 91.75, '10': 94.51, '11': 90, '12': 98, '13': 86.46, '14': 88.66, '15': 91.67, '16': 96.67, '17': 81.67, '18': 88.33, '19': 73.33, '2': 97.89, '20': 46.03, '3': 96.91, '4': 97.92, '5': 94.95, '6': 97.94, '7': 96.49, '8': 92.45, '9': 70.8}}",5a54iwug,finished,42,unsloth/QwQ-32B-unsloth-bnb-4bit,qfrcola,False,339,0,1757750203.6748989,{'runtime': 339},{'accuracy': 98.04}
Mixtral-8x7B-Instruct-v0.1-unsloth-bnb-4bit,1zgtcl4t,finished,42,unsloth/Mixtral-8x7B-Instruct-v0.1-unsloth-bnb-4bit,qfrcola,True,1211.597589176,0,1752372536.788902,{'runtime': 1211},"{'accuracy': 89.1, 'accuracy_per_subcat': {'1': 89.69, '10': 93.41, '11': 94, '12': 99, '13': 81.25, '14': 86.6, '15': 93.33, '16': 96.67, '17': 90, '18': 86.67, '19': 76.67, '2': 95.79, '20': 42.86, '3': 93.81, '4': 97.92, '5': 97.98, '6': 95.88, '7': 99.12, '8': 89.62, '9': 66.37}}",azsyvjym,finished,42,unsloth/Mixtral-8x7B-Instruct-v0.1-unsloth-bnb-4bit,qfrcola,False,426,0,1757752576.9829612,{'runtime': 426},{'accuracy': 99.61}
Mixtral-8x7B-v0.1-unsloth-bnb-4bit,0bmf95qs,finished,42,unsloth/Mixtral-8x7B-v0.1-unsloth-bnb-4bit,qfrcola,True,1380.587915198,0,1752373924.3098493,{'runtime': 1380},"{'accuracy': 89.49, 'accuracy_per_subcat': {'1': 91.75, '10': 93.41, '11': 93, '12': 100, '13': 82.29, '14': 88.66, '15': 90, '16': 98.33, '17': 88.33, '18': 90, '19': 78.33, '2': 94.74, '20': 46.03, '3': 95.88, '4': 97.92, '5': 96.97, '6': 95.88, '7': 99.12, '8': 89.62, '9': 65.49}}",bncvimpj,finished,42,unsloth/Mixtral-8x7B-v0.1-unsloth-bnb-4bit,qfrcola,False,502,0,1757753090.0374408,{'runtime': 502},{'accuracy': 99.61}
reka-flash-3-unsloth-bnb-4bit,9j02s372,finished,42,unsloth/reka-flash-3-unsloth-bnb-4bit,qfrcola,True,606.948462262,0,1752374538.0941155,{'runtime': 606},"{'accuracy': 86.88, 'accuracy_per_subcat': {'1': 93.81, '10': 92.31, '11': 91, '12': 98, '13': 86.46, '14': 93.81, '15': 86.67, '16': 86.67, '17': 76.67, '18': 78.33, '19': 71.67, '2': 97.89, '20': 49.21, '3': 92.78, '4': 93.75, '5': 93.94, '6': 91.75, '7': 83.33, '8': 86.79, '9': 69.91}}",jjthspxc,finished,42,unsloth/reka-flash-3-unsloth-bnb-4bit,qfrcola,False,225,0,1757753327.700147,{'runtime': 225},{'accuracy': 93.73}
Chocolatine-2-14B-Instruct-v2.0.3,ut97wyp8,finished,42,jpacifico/Chocolatine-2-14B-Instruct-v2.0.3,qfrcola,True,782.409962661,0,1752426641.507722,{'runtime': 782},"{'accuracy': 88.59, 'accuracy_per_subcat': {'1': 91.75, '10': 92.31, '11': 90, '12': 98, '13': 84.38, '14': 89.69, '15': 83.33, '16': 95, '17': 81.67, '18': 81.67, '19': 73.33, '2': 98.95, '20': 42.86, '3': 95.88, '4': 97.92, '5': 96.97, '6': 96.91, '7': 95.61, '8': 88.68, '9': 71.68}}",x9zu7lh4,finished,42,jpacifico/Chocolatine-2-14B-Instruct-v2.0.3,qfrcola,False,364,0,1757735236.8539095,{'runtime': 364},{'accuracy': 97.25}
